选项,指标,20250930,20250630,20250331,20241231,20240930,20240630,20240331,20231231,20230930,20230630,20230331,20221231,20220930,20220630,20220331,20211231,20210930,20210630,20210331,20201231,20200930,20200630,20200331,20191231,20190930,20190630,20190331,20181231,20180930,20180630,20180331,20171231,20170930,20170630,20170331,20161231,20160930,20160630,20160331,20151231,20150930,20150630,20150331,20141231,20140930,20140630,20140331,20131231,20130930,20130630,20130331,20121231,20120930,20120630,20120331,20111231,20110930,20110630,20110331,20101231,20100930,20100630,20100331,20091231,20090930,20090630,20090331,20081231,20080930,20080630,20080331,20071231,20070930,20070630,20070331,20061231,20060930,20060630,20060331,20051231,20050930,20050630,20050331,20041231,20040930,20040630,20040331,20031231,20030930,20030630,20030331,20021231,20020930,20020630,20020331,20011231,20010930,20010630,20010331,20001231,20000630,19991231,19990630,19981231,19980630,19971231,19961231,19951231
常用指标,归母净利润,21511276550.29,19491942398.53,14860265752.48,31853172533.98,24930782556.55,19056829528.87,14045140540.62,30210585269.3,22832929162.29,17036708791.18,12542086212.64,26689983647.2,19987257831.38,15098908450.93,10822866097.02,23377074353.4,17327440998.66,13200371746.73,9323613990.16,19954809594.52,14545454674.88,10855391967.86,7704289543.99,17402164190.16,12543547315.61,9335637379.26,6475113303.33,13384246683.6,9494416489.82,7110255593.99,4971013118.03,9673721498.15,6964763242.98,4971505554.13,3593112440.79,6784533260.36,5101313177.67,3886813135.28,2903112187.15,6176119256.18,4603019813.79,3297527845.59,2200799535.17,5834915278.94,4707288391.6,4001813151.27,2619140414.17,7972814983.24,7103846987.47,5791034483.35,3626866317.84,9934872820.43,7801870232.83,5046255082.03,3050121093.22,6157465187.41,4818212597.39,3362588438.61,2081397684.72,4395355533.17,3395360031.98,2260967469.55,1522636468.96,3244803973.03,2299297028.74,1604524477.06,1260659305.39,1810687550.16,1589346896.13,1295752332.4,1008106553.49,1468920725.13,1324191177.8,1144356425.07,744189340.47,1167350516.9,1018761472.91,819004580.22,546420211.86,791348797.04,768945225.39,588407325.0,412850003.6,827997151.42,678264477.18,536945227.04,383467762.43,702974477.92,547569010.36,389627161.78,288544519.86,613234637.84,502234364.81,359993246.11,248796308.78,811407817.88,650310000.0,478617774.29,281563149.47,768112120.07,429812800.45,649021962.9,317076251.64,553291095.09,252919406.88,341298375.86,259939328.41,216927477.38
常用指标,营业总收入,60945321083.57,52770984383.52,36940356116.35,89175178322.7,67915580112.25,50648026578.65,34832906762.77,83272067317.19,62536387639.06,45506384818.37,31138862489.34,73968640704.54,55779686820.31,41222377583.11,27548160168.43,66209053612.11,49720797308.73,36751547826.7,24324839644.81,57321059453.15,42492767199.91,30767525988.4,20238226408.6,50118105877.14,37101632092.99,27151044852.75,17590253203.22,40030189599.87,29250287403.09,21421181221.36,13897660045.38,30186780409.14,21977596629.7,15621127660.56,10158807519.1,24543792660.59,17699643832.21,13255638646.02,8825564213.47,21659287359.66,15131341357.21,11215414006.94,6735435074.16,21011491536.14,15068314515.67,11662532799.27,6719851620.27,24718588617.99,19165837235.44,15519877625.32,8675799862.76,27201045951.34,21126603442.65,15049709413.35,8230651472.62,20350594468.71,15648774490.19,10594830203.2,6244557079.65,15541300510.85,11471710170.86,7576545903.49,4493625787.55,11129220549.61,8029680076.37,5340889931.81,3338850726.59,7933068723.21,6578679657.12,4597277683.02,3086147513.71,7328555841.62,6043063119.97,4342880480.16,3009852591.59,7397006488.91,5960287978.61,4400713179.1,2732632055.31,6424444417.27,4971947983.27,3809736337.18,2470919490.54,6301441944.13,4581174951.97,3459364902.32,2450963328.68,6336794521.89,4644099011.0,3428218922.98,2276267758.08,5710350351.62,4485526549.75,3463699393.39,2264094795.28,4744281992.52,3702660000.0,2817921669.36,2000858441.52,3956643154.79,2669543118.95,3311434887.09,1900893259.47,2814381927.45,1210444191.27,2204454415.56,1310021438.34,915011267.76
常用指标,营业成本,31612218311.25,26137158440.11,16522601128.12,45321474085.74,33665334544.84,24499814494.48,15425368876.42,41653257827.54,31152693814.22,22026681871.19,13857936959.77,37049016916.17,28022400113.83,20245417493.01,12400549335.85,33957661247.5,25793943650.43,18596449316.49,11332956812.88,29738554309.94,22366611740.23,15786788157.35,9504279641.87,26123144090.12,19730497535.82,14186966627.59,8432243774.32,21513284355.9,16179238300.08,11655836688.08,7013986778.5,16954329682.61,12351635651.33,8681153496.36,5219248648.67,15340010355.95,10754163494.47,7973349652.22,4862712652.11,13447194528.95,8928676405.4,6763015920.73,3735455425.86,12993577702.66,8629017906.13,6118896263.83,3057524313.99,13283383589.25,9112582031.78,7283057053.24,3463706177.06,13502689947.56,10427199376.98,8115683206.93,4041835235.48,11853596549.1,9035308334.24,5987149722.59,3401082297.36,9443020432.27,6800389666.4,4476650413.72,2412452012.85,6561185342.73,4876502095.78,3195715838.32,1679559300.54,5503519534.64,4445425749.85,2855706734.94,1734790010.22,5148150422.46,4072615059.24,2648859865.45,1887268688.85,5607025333.07,4407171447.09,3152439671.87,1903219222.81,5224075523.14,3813072956.12,2879653588.11,1814507123.26,5018582978.92,3540898715.86,2641544286.46,1875446462.24,5241789465.76,3783531894.01,2788351559.68,1780945721.26,4837207923.56,3780842736.19,2964750177.87,1889664404.03,3821136586.2,,2167956918.77,1584980357.37,2950932342.2,1944008591.56,2524466561.24,1517158008.29,2141029972.91,912752288.27,1695210641.59,922052291.46,591238913.46
常用指标,净利润,22211853938.77,20135159943.19,15367964256.37,33193460484.32,25941110519.45,19826530605.22,14635469470.38,31520777582.15,23833980021.3,17792533904.19,13106474901.33,27969785575.27,20957648104.75,15849608593.36,11370961710.44,24507450330.26,18170574729.24,13843064057.19,9783044789.88,20913340409.54,15226890133.11,11370985057.64,8060492743.98,18228255278.61,13126198629.74,9807094323.82,6811793755.47,14038650126.48,9963464943.26,7463891285.89,5213969088.07,10085969230.03,7264975166.49,5189809959.76,3739205084.99,7056765568.86,5296615569.5,4026624588.92,3008278093.8,6410484336.27,4777110529.65,3421203676.33,2289923256.68,6058214963.07,4894197804.05,4162447434.2,2735548585.6,8322215360.95,7410685949.08,6039984671.73,3786290698.79,10335733704.78,8113605924.16,5241364125.36,3166747159.32,6394377214.98,5001266488.0,3490797304.94,2161488984.34,4562056835.6,3532769841.43,2343182863.01,1578085299.87,3466668431.51,2382708112.88,1619900643.9,1269280228.71,1829699892.55,1604086352.94,1308146766.3,1015707693.31,1472784098.42,1326845730.08,1145272727.91,745206726.04,1176610733.74,1023357815.7,822921865.61,549147078.08,799007076.77,773754249.82,592464063.88,416503687.6,829759695.11,679164074.52,537962660.0,383394123.2,703792730.94,548305195.13,389654678.44,289511785.36,618984667.91,511693618.56,373562587.13,253237536.76,816316516.73,650310000.0,478983205.57,281830575.43,768216832.5,429812800.45,649021962.9,317076251.64,553291095.09,252919406.88,341298375.86,259939328.41,216927477.38
常用指标,扣非净利润,21494962886.91,19479643890.31,14861410760.6,31741959276.27,24832581937.49,18938813683.76,14038692986.63,30116468910.79,22741715598.72,16941269701.1,12455824184.77,26662736708.98,20019303711.95,15110589652.06,10841889446.84,23327729257.82,17285600231.62,13133673289.37,9318357623.15,19994943929.15,14583122047.13,10863004373.26,7728228541.4,17405930787.45,12606370480.64,9394348262.26,6540037045.57,13398843689.9,9444796685.82,7086663072.03,4960143160.87,9642325077.81,6949876917.86,4959327974.09,3588668071.75,6724241894.08,5055244779.44,3883296276.12,2896971315.34,6164002847.37,4590217129.87,3289422987.58,2196245543.0,5860776426.57,4692531124.81,3993898746.0,2614278234.78,8174172701.95,7243966914.6,5938333948.09,3760309224.67,9925097898.26,7799945444.83,5040617886.41,3041392574.57,6180469794.03,4806997355.04,3360287955.0,2067803797.34,4444227227.52,3405586865.5,2267783866.69,1526466966.02,3231785749.02,2288170337.13,1593249379.75,1260061829.93,1833267210.61,1612035646.3,1317452753.42,1007980647.95,1446176504.54,1321449605.93,1135682321.16,746728661.71,1169589859.16,1016749739.27,817619181.7,545929950.67,787449296.75,765725292.38,585338511.86,413781543.57,835697295.58,681841401.43,537463889.16,383329772.51,706468211.27,548361521.8,389771608.94,287659733.45,578637973.94,470578572.15,325733377.4,,592776828.4,,478192139.45,,768112100.0,429813000.0,649021962.9,,,,,,
常用指标,股东权益合计(净资产),146200486207.11002,144131137908.03003,151762757989.06,136394793732.69,139103654374.89,134048794409.04,146984842657.55002,132349373187.17,124639956861.73,119794910503.32,129793502941.43,116687028040.1,109687974699.09,105486270521.79,112746379729.49,101391883644.87,95055008043.85,90743997371.8,97541291434.59,87758246644.71,82071796368.28,78255643345.73,84156540401.14,76096047657.16,71000591008.29,67681486702.37,71387725863.81,65119439341.11,61044254157.89,58547236550.91,59888294737.25,54674325649.18,51853331585.64,49778166378.91,51945064294.69,48205859209.7,46445709210.34,45335064464.32,47353491345.2,44345160962.55,42711787155.93,41335880302.61,42627003702.76,40333080446.08,39038063287.05,38186456366.72,39754833137.69,37019284552.09,35936255140.22,34492053862.87,35275133265.93,31521070553.3,29621442772.68,26749200973.88,26577947881.9,23446688740.45,22228578013.47,20718108830.41,20565137134.06,18366101541.47,17519043970.79,16339410822.22,16187697852.24,14580462144.59,13658846653.6,12886039184.62,12725217105.43,11455936876.72,11230323337.11,10934383750.47,10641944677.48,9626236984.17,9485588152.49,9304015150.32,9051649388.77,8301137173.75,8139685182.96,7938750364.15,7934784508.5,7385968978.54,7360716151.59,7179425965.65,7003465589.37,6586961901.77,6433916281.18,6292714866.66,6409286809.86,6025892686.66,5870405150.84,5711754634.15,5611611741.07,5322099955.71,5214293132.52,5075362101.09,4954980669.56,4702243132.8,4561780000.0,4385655821.64,4238623191.5,3191216198.95,2850312166.9,2420499366.45,2089698452.7,1764990217.67,1864618529.46,392384778.43,264958379.21,225967479.95
常用指标,商誉,1621619.53,1621619.53,1621619.53,1621619.53,1621619.53,1621619.53,1621619.53,1621619.53,1621619.53,1621619.53,1621619.53,1621619.53,1621619.53,1621619.53,1621619.53,1621619.53,1621619.53,1621619.53,1621619.53,1621619.53,1621619.53,1621619.53,1621619.53,1621619.53,1621619.53,1621619.53,1621619.53,1621619.53,1621619.53,1621619.53,1621619.53,1621619.53,1621619.53,1621619.53,1621619.53,1621619.53,1621619.53,1621619.53,1621619.53,1621619.53,1621619.53,1621619.53,1621619.53,1621619.53,1621619.53,1621619.53,1621619.53,1621619.53,1621619.53,1621619.53,1621619.53,1621619.53,1621619.53,1621619.53,1621619.53,1621619.53,1621619.53,1621619.53,1621619.53,1621619.53,1621619.53,1621619.53,1621619.53,1621619.53,,,,,,,,,,,,,,,,,,,,,,,,,,,,,,,,,,,,,,,,,,,,
常用指标,经营现金流量净额,28247488416.94,31136736628.58,15848802262.24,33939755192.78,29794118733.59,13427928655.63,516195072.59,41742479908.23,22388745174.97,11329818886.3,9535617536.41,24431136261.48,10785477248.11,1887074640.92,-3401025898.78,26774941873.05,15397893819.46,8707487982.81,5505475102.1,14698327593.21,3943471634.98,1168132703.99,-1201790976.97,23112072040.66,16191322654.6,8365812629.04,7926569918.5,12317359034.9,3876870034.45,596647017.74,2398028543.69,9766175822.66,6093165397.64,3164691697.55,1843612667.26,11696760569.21,10562390293.71,4311242229.58,759516944.15,6691068449.78,5709770665.2,3116614507.29,1932422884.71,794565645.34,-753891432.67,-1826814406.4,-2201725478.64,1458910756.88,313978957.7,1497787082.24,1136711876.19,8749667084.48,6548229191.19,3947604599.09,1681643781.72,9533022924.41,6771939952.19,5409806169.54,2364903317.4,7703120285.26,4790789702.78,3138660150.88,2138624515.85,6054009663.0,4845240857.8,1883351626.01,1227477879.51,1972636550.81,1857136349.63,1196792212.6,1171946368.11,1665545943.71,2089846017.88,1599888081.81,1055798280.07,1336270367.45,1192408273.4,889923241.14,788427165.83,1252717668.09,807940999.39,713289532.67,410809880.21,821693394.3,845972023.45,673455379.77,959479476.42,1044659243.4,796479775.67,324143510.37,233531826.72,1053290717.92,,513631576.4,,1073187941.83,,259841859.32,,1294995783.27,527169463.72,898446895.69,436278873.27,359005459.04,,,,
常用指标,基本每股收益,5.542,5.0216,3.828,8.2062,6.423,4.9095,3.618,7.783,5.882,4.389,3.231,6.876,5.149,3.89,2.788,6.023,4.464,3.401,2.402,5.141,3.747,2.797,1.985,4.483,3.232,2.405,1.668,3.474,2.47,1.859,1.31,2.548,1.835,1.31,0.947,1.787,1.344,1.024,0.765,1.627,1.213,0.869,0.58,1.537,1.24,1.054,0.69,2.1,1.871,1.526,0.955,2.617,2.055,1.329,0.804,1.622,1.269,0.886,0.548,1.158,0.894,0.596,0.401,0.855,0.606,0.423,0.332,0.477,0.42,0.341,0.266,0.387,0.349,0.301,0.27,0.431,0.376,0.302,0.2,0.292,,0.22,,0.305,,0.2,,0.52,,,0.213,0.54,,0.319,,0.942,,0.966,,1.6,,1.45,,1.82,,,,
常用指标,每股净资产,36.710492,36.190261,38.166024,34.337646,35.130264,33.616985,36.995848,33.377466,31.476796,29.983544,32.607616,29.375727,27.649297,26.389407,28.310783,25.52254,23.964002,22.900765,24.482015,22.080017,20.686431,19.735778,21.123974,19.139155,17.887453,17.061015,18.024072,16.35592,15.353801,14.739581,15.359748,14.050197,13.336556,12.811457,13.348336,12.401776,11.958352,11.638408,12.179264,11.414461,11.000048,10.656132,10.967213,10.38744,10.048231,9.862382,10.198134,9.508154,9.279236,8.933392,9.163269,8.207816,7.635137,6.909204,6.884765,6.090598,5.737789,5.354323,5.326699,4.768491,4.498641,4.202413,4.169506,3.760576,3.553657,3.370628,3.330041,2.997936,2.939627,2.862283,2.790511,2.520933,2.488088,2.440712,3.323885,3.045363,2.989725,2.915868,2.915215,2.713809,2.705546,2.638961,2.574214,2.421949,2.366726,2.314606,4.716003,4.433148,4.318517,4.202015,4.952945,4.69754,4.599275,4.47332,5.686787,5.401074,5.240702,8.573328,8.285897,6.64294,5.93815,5.042707,6.530307,5.515594,5.826932,1.634936,,
常用指标,每股现金流,7.277264,8.021607,4.08305,8.743735,7.675715,3.459372,0.132984,10.753914,5.767904,2.918846,2.456615,6.294076,2.77861,0.486157,-0.876189,6.897899,3.966885,2.243268,1.418349,3.786659,1.015937,0.30094,-0.309611,5.954251,4.171292,2.155244,2.042084,3.173261,0.998779,0.153711,0.63173,2.572776,1.605168,0.833698,0.485676,3.081365,2.782529,1.135742,0.200085,1.762678,1.504167,0.821033,0.509072,0.209318,-0.198603,-0.481251,-0.580017,0.384331,0.082713,0.394573,0.299452,2.30499,1.725049,1.039947,0.443008,2.511355,1.783982,1.425145,0.623004,2.02929,1.262073,0.82684,0.563393,1.594853,1.276418,0.496145,0.323363,0.519666,0.489239,0.315279,0.308734,0.438767,0.550543,0.42147,0.389391,0.492833,0.439775,0.328214,0.290781,0.462017,0.297978,0.26307,0.151511,0.30305,0.312005,0.248378,0.707736,0.770566,0.587503,0.239096,0.20671,0.93232,,0.45464,,1.234912,,0.508297,,2.697907,1.098269,1.871764,1.363371,1.121892,,,,
常用指标,净资产收益率(ROE),15.37,13.63,10.56,23.35,18.33,13.7,10.28,25.06,19.2,14.19,10.43,25.28,19.25,14.43,10.36,25.3,19.03,14.3,9.35,24.94,18.48,13.62,9.86,25.26,18.57,13.7,9.7,22.8,16.07,12.37,8.91,19.38,14.09,10.03,7.35,15.01,11.37,8.59,6.48,14.93,11.23,8.03,5.31,15.42,12.53,10.51,7.0,23.71,21.08,17.01,11.0,36.82,29.8,19.24,12.38,30.01,24.39,17.16,10.87,26.68,21.26,14.68,10.13,24.95,,13.24,,17.29,,11.93,,16.52,,12.3,,14.94,,10.54,,11.37,,8.58,,13.21,,8.55,,12.42,,,,12.26,,7.39,,19.52,,12.558,,,,,,41.03,,,,
常用指标,总资产报酬率(ROA),15.952082,14.010091,10.582677,24.996105,20.47113,15.028906,11.249025,26.347193,20.771333,15.611306,11.127374,25.769646,20.601988,15.849969,11.076122,26.066306,20.717942,15.340657,10.723665,25.129087,18.438464,14.97964,9.724196,25.046347,18.253713,14.875231,9.688911,23.707997,17.947242,13.029734,8.818646,20.146727,14.120135,11.060655,7.284657,16.329102,11.457699,9.508674,6.714392,16.779291,12.028333,9.579342,5.968338,17.726141,13.429115,12.490553,7.486756,25.167687,20.609829,17.760109,10.425389,33.446341,25.628018,17.117168,10.707725,25.922656,20.591979,14.516512,9.506277,24.515045,20.088371,13.753061,9.502225,26.180168,19.12787,14.334607,11.837545,19.141126,16.27707,14.229586,11.116951,19.882857,17.307265,15.576335,10.299326,17.903611,15.335191,12.729002,8.280474,12.981637,12.544401,10.132375,7.230021,14.890619,11.972229,9.645353,6.649861,14.006764,10.99133,8.777382,6.688867,12.460464,9.853085,7.396275,5.47685,16.532712,,12.065068,8.360519,23.304436,18.036835,23.172195,13.444208,39.560735,15.926832,51.336264,49.483774,44.336288
常用指标,毛利率,74.925515,76.827815,77.742381,77.054799,77.059104,77.361134,78.426415,75.79363,75.859228,76.776972,78.394647,75.424145,75.97272,76.91956,78.408098,75.352647,75.258592,74.955068,76.431927,74.159651,74.530713,74.539266,76.531593,74.455818,73.809563,73.814635,75.782659,73.802814,73.470897,72.837244,73.192946,72.007325,71.106455,71.650387,70.534402,70.199176,70.128384,70.00406,69.841758,69.195831,69.228119,69.89578,69.477491,72.529178,74.861683,75.500618,74.969616,73.257328,72.140789,71.799408,76.566258,70.531558,69.348501,65.10042,69.388103,66.116904,66.011321,66.121619,65.760463,68.707962,66.334467,67.387149,69.86735,65.310598,62.253638,61.998989,67.445287,54.392518,54.478744,58.455171,60.764579,53.906613,55.454433,60.255226,58.125665,52.796272,53.601474,56.67662,58.656812,49.99732,50.99505,51.651283,51.792871,48.880251,47.316017,46.587537,45.065296,44.963475,45.546318,44.394364,44.467551,43.914232,45.576466,44.079949,41.721322,44.245577,,44.271323,38.090327,51.16426,56.76739,52.350789,51.383109,47.192481,50.712872,48.179966,56.868636,57.184544
常用指标,销售净利率,36.445544,38.15574,41.6021,37.222757,38.196111,39.145711,42.016216,37.852762,38.112179,39.098983,42.09041,37.814175,37.575911,38.449108,41.276664,37.015255,36.545219,37.666615,40.218332,36.484567,35.834075,36.957749,39.828058,36.370598,35.379032,36.120504,38.724819,35.070156,34.062793,34.843509,37.516884,33.411874,33.056276,33.223017,36.807519,28.751732,29.924983,30.376692,34.085957,29.596931,31.570965,30.504479,33.998149,28.832864,32.480061,35.690767,40.708467,33.667842,38.666121,38.917733,43.641978,37.997559,38.404686,34.827012,38.475048,31.421083,31.959477,32.948119,34.613967,29.354408,30.795494,30.926795,35.118307,31.149247,29.673761,30.330163,38.015482,23.064213,24.383104,28.454812,32.911832,20.096511,21.956509,26.371269,24.758911,15.966929,17.183339,18.715479,20.099845,12.448013,15.57548,15.562438,16.866235,13.175842,14.835122,15.560194,15.649101,11.112942,11.814403,11.370753,12.727706,10.846977,11.413257,10.789125,11.189333,17.214257,17.575423,17.000327,14.092235,19.430621,16.11183,19.615078,16.680381,19.659664,20.894946,15.482215,19.847289,23.715601
常用指标,期间费用率,11.837133,11.478184,7.837979,13.253841,12.296829,11.577567,8.764166,10.765216,11.23625,10.906053,8.579787,10.980043,12.153075,11.999893,9.275621,11.855153,12.943193,11.724723,9.288756,11.922745,13.509275,12.34058,10.169538,12.643217,13.112023,12.013759,9.776309,12.78536,13.743724,13.121047,9.596161,16.576516,16.698113,18.070607,14.406699,24.741019,23.153271,22.34054,17.21735,22.922063,20.384791,22.285619,17.560689,27.119209,25.095635,20.783001,13.790512,19.495187,12.594587,11.65467,9.722392,12.788348,11.32956,11.54566,10.606012,16.432389,15.991383,14.966525,12.734571,20.41409,17.333142,18.033086,15.496489,17.012824,16.327678,15.221352,10.884309,16.637502,15.08757,13.757081,10.73416,16.216989,15.407696,13.974091,14.078557,19.316048,18.245362,18.930174,18.121914,18.991057,15.448757,18.124569,16.477276,18.84399,15.255471,14.291458,13.551168,17.052118,15.374404,14.363777,12.423701,15.155794,15.794109,15.344007,11.907521,15.188256,,13.25807,9.668434,20.376281,23.50274,21.55686,24.236064,16.233536,15.629271,12.814366,15.157916,8.321352
常用指标,资产负债率,19.259003,25.481036,23.344461,27.54678,18.986391,27.924754,18.617629,19.998193,17.893811,20.440828,19.092019,23.593361,18.559318,19.053398,18.183773,25.238698,19.623694,27.168125,18.866154,22.946854,17.91076,17.092336,20.194127,28.479123,23.45533,23.161524,23.982689,24.362628,19.809288,27.207751,24.808694,22.909897,21.5335,22.744738,23.460064,22.466716,23.033166,24.394841,22.351309,15.60799,11.509695,12.775729,12.408272,13.091872,12.582896,14.568477,15.982512,16.112163,18.112672,23.442966,24.141925,30.336536,29.255764,32.564687,31.610135,36.468894,33.279247,36.053624,33.693823,35.947473,29.03491,29.709269,29.058645,30.066675,27.781733,22.420413,11.458385,15.118703,14.787176,12.432299,14.605571,16.811897,21.017578,19.643188,20.168778,19.730317,20.600538,19.959157,23.385584,23.175603,22.738245,24.574453,23.387319,25.23765,26.886806,27.362348,29.031839,27.071845,26.845426,21.911464,25.406275,26.710352,26.867181,25.796546,26.244425,29.689954,,30.497657,20.495074,30.639564,29.439469,38.235215,25.969105,35.655473,26.391996,66.032213,69.736505,70.198832
每股指标,基本每股收益,5.542,5.0216,3.828,8.2062,6.423,4.9095,3.618,7.783,5.882,4.389,3.231,6.876,5.149,3.89,2.788,6.023,4.464,3.401,2.402,5.141,3.747,2.797,1.985,4.483,3.232,2.405,1.668,3.474,2.47,1.859,1.31,2.548,1.835,1.31,0.947,1.787,1.344,1.024,0.765,1.627,1.213,0.869,0.58,1.537,1.24,1.054,0.69,2.1,1.871,1.526,0.955,2.617,2.055,1.329,0.804,1.622,1.269,0.886,0.548,1.158,0.894,0.596,0.401,0.855,0.606,0.423,0.332,0.477,0.42,0.341,0.266,0.387,0.349,0.301,0.27,0.431,0.376,0.302,0.2,0.292,,0.22,,0.305,,0.2,,0.52,,,0.213,0.54,,0.319,,0.942,,0.966,,1.6,,1.45,,1.82,,,,
每股指标,稀释每股收益,5.542,5.0216,3.828,8.2062,6.423,4.9095,3.618,7.783,5.882,4.389,3.231,6.876,5.149,3.89,2.788,6.023,4.464,3.401,2.402,5.141,3.747,2.797,1.985,4.483,3.232,2.405,1.668,3.474,2.47,1.859,1.31,2.548,1.835,1.31,0.947,1.787,1.344,1.024,0.765,1.627,1.213,0.869,0.58,1.537,1.24,1.054,0.69,2.1,1.871,1.526,0.955,2.617,2.055,1.329,0.804,1.622,1.269,0.886,0.548,1.158,0.894,0.596,0.401,0.855,0.606,0.423,0.332,0.477,0.42,0.341,0.266,0.387,0.349,0.301,0.27,0.431,0.376,0.302,0.2,,,,,,,,,,,,,,,,,,,,,,,,,,,,,
每股指标,摊薄每股收益_最新股数,5.541846,5.021615,3.828378,8.206179,6.422797,4.909519,3.618382,7.783007,5.882337,4.389085,3.231157,6.876186,5.149756,3.889866,2.788242,6.022523,4.463985,3.400748,2.401997,5.140861,3.747275,2.796622,1.984819,4.483235,3.231533,2.405095,1.668152,3.448119,2.446,1.83178,1.280658,2.492194,1.794298,1.280785,0.925676,1.747866,1.314226,1.00134,0.747914,1.591123,1.185853,0.849526,0.566981,1.503221,1.212716,1.030967,0.674756,2.053997,1.830129,1.491916,0.934372,2.559473,2.009958,1.300042,0.785788,1.586318,1.241292,0.866287,0.53622,1.132354,0.87473,0.582482,0.392269,0.835929,0.592356,0.413365,0.324777,0.466478,0.409455,0.333818,0.259713,0.37843,0.341145,0.294815,0.191721,0.301451,0.262458,0.210996,0.140687,0.203871,0.198099,0.151588,0.10636,0.213312,0.174738,0.13833,0.09879,0.181103,0.141067,0.100377,0.074336,0.157984,0.129388,0.092743,0.064096,0.209039,0.167536,0.123303,0.072537,0.197885,0.11073,0.167204,0.081686,0.142541,0.065158,0.087927,0.066966,0.055885
每股指标,摊薄每股净资产_期末股数,36.710492,36.190261,38.166024,34.337646,35.130264,33.616985,36.995848,33.377466,31.476796,29.983544,32.607616,29.375727,27.649297,26.389407,28.310783,25.52254,23.964002,22.900765,24.482015,22.080017,20.686431,19.735778,21.123974,19.139155,17.887453,17.061015,18.024072,16.35592,15.353801,14.739581,15.359748,14.050197,13.336556,12.811457,13.348336,12.401776,11.958352,11.638408,12.179264,11.414461,11.000048,10.656132,10.967213,10.38744,10.048231,9.862382,10.198134,9.508154,9.279236,8.933392,9.163269,8.207816,7.635137,6.909204,6.884765,6.090598,5.737789,5.354323,5.326699,4.768491,4.498641,4.202413,4.169506,3.760576,3.553657,3.370628,3.330041,2.997936,2.939627,2.862283,2.790511,2.520933,2.488088,2.440712,3.323885,3.045363,2.989725,2.915868,2.915215,2.713809,2.705546,2.638961,2.574214,2.421949,2.366726,2.314606,4.716003,4.433148,4.318517,4.202015,4.952945,4.69754,4.599275,4.47332,5.686787,5.401074,5.240702,8.573328,8.285897,6.64294,5.93815,5.042707,6.530307,5.515594,5.826932,1.634936,,
每股指标,调整每股净资产_期末股数,35.158801,34.642211,36.626868,32.737334,33.750311,32.253976,35.80287,32.22737,30.814396,29.339383,31.874969,28.674519,27.088193,25.822011,27.692577,24.904886,23.437488,22.386061,23.962562,21.553383,20.245013,19.311713,20.71018,18.711299,17.483887,16.644314,17.660656,15.995752,14.95451,14.338711,15.040964,13.730757,13.035768,12.509104,13.045028,12.099346,11.647739,11.325143,11.881643,11.113629,10.751332,10.4003,10.714133,10.129611,9.816066,9.649378,9.971856,9.261401,9.039177,8.682393,8.938982,7.983562,7.499202,6.780694,6.788183,5.994533,5.64214,5.258432,5.228149,4.667552,4.400677,4.106127,4.061933,3.659993,3.448106,3.267458,3.312945,2.980735,2.919328,2.841887,2.772734,2.503069,2.469565,2.42209,3.297893,3.021429,2.965834,2.891944,2.891145,2.689592,2.681184,2.614453,2.549559,2.397148,2.341779,2.289512,4.665523,4.382375,4.267452,4.150658,4.891072,4.635315,4.535015,4.408674,5.602674,5.31643,5.240702,8.429356,8.141089,6.520511,5.814228,4.921583,6.325348,5.306278,5.689542,1.370444,,
每股指标,每股净资产_最新股数,36.710492,36.190261,38.166024,34.337646,35.130264,33.616985,36.995848,33.377466,31.476796,29.983544,32.607616,29.375727,27.649297,26.389407,28.310783,25.52254,23.964002,22.900765,24.482015,22.080017,20.686431,19.735778,21.123974,19.139155,17.887453,17.061015,18.024072,16.35592,15.353801,14.739581,15.020861,13.740202,13.042306,12.528793,13.053827,12.128151,11.694511,11.381625,11.910548,11.16262,10.75735,10.421022,10.72524,10.158258,9.826533,9.644785,9.973129,9.298373,9.074505,8.736291,8.961096,8.026724,7.46668,6.756764,6.732864,5.956219,5.611194,5.236188,5.209175,4.663282,4.399386,4.109694,4.077513,3.677605,3.475252,3.296261,3.256569,2.931792,2.874769,2.799131,2.728943,2.465313,2.433192,2.386862,2.32182,2.127265,2.088401,2.03681,2.036354,1.895666,1.889895,1.843383,1.798155,1.691795,1.65322,1.616813,1.647126,1.548335,1.508298,1.467608,1.441567,1.367231,1.33863,1.301971,1.273195,1.209228,1.173323,1.12909,1.091236,0.821466,0.734312,0.623581,0.538358,0.454705,0.480372,0.101088,0.068259,0.058214
每股指标,每股经营现金流,7.277264,8.021607,4.08305,8.743735,7.675715,3.459372,0.132984,10.753914,5.767904,2.918846,2.456615,6.294076,2.77861,0.486157,-0.876189,6.897899,3.966885,2.243268,1.418349,3.786659,1.015937,0.30094,-0.309611,5.954251,4.171292,2.155244,2.042084,3.173261,0.998779,0.153711,0.63173,2.572776,1.605168,0.833698,0.485676,3.081365,2.782529,1.135742,0.200085,1.762678,1.504167,0.821033,0.509072,0.209318,-0.198603,-0.481251,-0.580017,0.384331,0.082713,0.394573,0.299452,2.30499,1.725049,1.039947,0.443008,2.511355,1.783982,1.425145,0.623004,2.02929,1.262073,0.82684,0.563393,1.594853,1.276418,0.496145,0.323363,0.519666,0.489239,0.315279,0.308734,0.438767,0.550543,0.42147,0.389391,0.492833,0.439775,0.328214,0.290781,0.462017,0.297978,0.26307,0.151511,0.30305,0.312005,0.248378,0.707736,0.770566,0.587503,0.239096,0.20671,0.93232,,0.45464,,1.234912,,0.508297,,2.697907,1.098269,1.871764,1.363371,1.121892,,,,
每股指标,每股现金流量净额,2.008871,5.118759,2.779872,3.007926,2.243774,3.143206,-0.028094,5.799411,1.246983,-0.211907,2.143144,2.47562,-0.937689,-1.97688,-1.034332,3.608856,1.242293,2.040168,1.304924,0.969432,-1.510754,-1.962689,-0.346817,3.669634,1.930211,0.24006,2.017678,2.15587,0.014357,0.47262,0.592613,1.5611,0.617378,-0.054061,0.468474,2.197523,1.932826,1.119355,0.18357,1.038492,0.786734,0.123919,0.483356,-0.890784,-1.303234,-1.506483,-0.786792,-0.54848,-0.861413,-0.550439,0.253005,1.658245,1.110841,0.432085,0.350978,1.953758,1.289778,1.074062,0.54168,1.736282,1.035176,0.632149,0.526894,0.426292,0.168118,-0.284261,0.295545,0.491213,0.468378,0.295966,0.307659,0.335753,0.501182,0.392538,0.375126,0.300652,0.252689,0.174266,0.287728,0.401431,0.254125,0.220186,0.129901,-0.045164,0.171581,0.113951,0.659479,-0.243889,-0.046013,0.166328,0.193788,-0.169815,,0.252165,,-0.208526,,-0.290745,,1.619797,-0.690986,-0.252841,0.598927,2.756337,,,,
每股指标,每股企业自由现金流量,,3.237268,,8.013058,,4.885942,,4.2443,,3.731708,,3.497824,,3.068441,,2.968093,,2.786086,,2.718695,,2.410459,,2.040787,,1.969527,,1.066884,,1.060012,,1.042196,,0.986686,,0.835204,,0.801043,,0.683567,,0.636663,,0.96506,,0.945531,,0.796041,,0.836158,,0.720608,,0.441554,,0.368351,,0.249097,,0.213019,,0.137848,,0.721044,,0.881862,,-9e-05,,0.001068,,0.038885,,,,0.10777,0.091885,0.09914,-0.001081,0.00883,0.006135,0.008959,0.001098,0.093781,0.113743,0.118347,0.03316,0.000707,-0.00765,0.040871,0.012801,-0.044719,,-0.043411,,-0.527538,,0.347543,,-0.203393,0.022976,0.523146,-0.059063,-2.413115,,,,
每股指标,每股股东自由现金流量,,3.237268,,8.013058,,4.885942,,4.2443,,3.731708,,3.497824,,3.068441,,2.968093,,2.786086,,2.718695,,2.410459,,2.040787,,1.969527,,1.066884,,1.060012,,1.042196,,0.986686,,0.835204,,0.801043,,0.683567,,0.636663,,0.96506,,0.945531,,0.796041,,0.836158,,0.720608,,0.441554,,0.368351,,0.249097,,0.213019,,0.137848,,0.721044,,0.881216,,-9e-05,,0.001068,,0.038885,,,,0.10777,0.091885,0.09914,-0.001081,0.00883,0.006135,0.008959,0.001098,0.093781,0.113743,0.118347,0.03316,0.000707,-0.00765,0.040871,0.012801,-0.044719,,-0.043411,,-0.527538,,0.347543,,-0.203393,0.017112,0.523146,-0.059063,-2.631865,,,,
每股指标,每股未分配利润,24.955436,24.435204,26.410968,22.582589,24.785889,23.27261,26.651473,23.033091,22.460755,20.967502,23.591574,20.359759,19.80967,18.54978,20.471156,17.682913,17.198048,16.134811,17.716061,15.314063,14.849558,13.898905,15.287102,13.302283,12.816187,11.989749,12.952806,11.284654,10.852102,10.237882,11.234633,9.925082,9.621757,9.096658,9.633538,8.686977,8.554302,8.234357,8.775213,8.010425,7.886434,7.542518,7.853599,7.273826,7.301115,7.115266,7.451018,6.761038,6.879079,6.533815,6.764088,5.808915,5.308619,4.649989,4.672182,3.951978,3.647285,3.297503,3.297848,2.79042,2.560606,2.290939,2.273665,1.898583,1.719791,1.55671,1.525452,1.223851,1.171944,1.102222,1.037797,0.79465,0.762832,0.719499,1.334803,1.083015,1.046027,0.979359,1.009027,0.83792,0.841579,0.55632,0.759958,0.632478,0.602744,0.557908,2.079478,1.836904,1.773085,1.668913,1.985482,1.776715,1.727337,1.620302,2.155167,1.919145,,3.349652,3.12194,2.826264,2.227193,1.466066,1.323987,0.457903,0.910041,0.317631,,
每股指标,每股资本公积金,0.691117,0.691117,0.691117,0.691117,0.691117,0.691117,0.691117,0.691117,0.691117,0.691117,0.691117,0.691117,0.691117,0.691117,0.691117,0.691117,0.691117,0.691117,0.691117,0.691117,0.691117,0.691117,0.691117,0.691117,0.691117,0.691117,0.691117,0.691117,0.691117,0.691117,0.251123,0.251123,0.251123,0.251123,0.251123,0.251123,0.251123,0.251123,0.251123,0.251109,0.251109,0.251109,0.251109,0.251109,0.251109,0.251109,0.251109,0.251109,0.251109,0.251109,0.251109,0.251109,0.251109,0.251109,0.251109,0.251109,0.251109,0.251109,0.251109,0.251109,0.251109,0.251109,0.251109,0.251109,0.251109,0.251109,0.251109,0.251109,0.251109,0.251109,0.251109,0.251109,0.255061,0.255061,0.351553,0.351553,0.351737,0.351553,0.351553,0.351553,0.351553,0.351553,0.351553,0.351553,0.351553,0.351553,0.903106,0.903106,0.903106,0.903106,1.283728,1.283728,1.283715,1.283665,1.868764,1.868764,,3.476899,3.474943,2.170864,2.170864,2.170864,3.756296,3.756296,3.756296,0.261252,,
每股指标,每股盈余公积金,10.063939,10.063939,10.063939,10.063939,8.653257,8.653257,8.653257,8.653257,7.324923,7.324923,7.324923,7.32485,6.148509,6.148509,6.148509,6.148509,5.074836,5.074836,5.074836,5.074836,4.145755,4.145755,4.145755,4.145755,3.380148,3.380148,3.380148,3.380148,2.810581,2.810581,2.873991,2.873991,2.463675,2.463675,2.463675,2.463675,2.152927,2.152927,2.152927,2.152927,1.862504,1.862504,1.862504,1.862504,1.496006,1.496006,1.496006,1.496006,1.149047,1.148466,1.148071,1.147791,1.075408,1.008105,0.961474,0.88751,0.839394,0.80571,0.777741,0.726961,0.686925,0.660364,0.644731,0.610883,0.582756,0.562808,0.553479,0.522975,0.516573,0.50895,0.501603,0.475173,0.470194,0.466152,0.637528,0.610794,0.59196,0.584955,0.554635,0.524335,0.512413,0.731087,0.462702,0.437917,0.412428,0.405144,0.733418,0.693137,0.642325,0.629995,0.683734,0.637096,0.588223,0.569353,0.662855,0.613164,,0.746776,0.689014,0.645811,0.540092,0.405776,0.450024,0.301394,0.160595,0.056052,,
每股指标,每股留存收益,35.019375,34.499144,36.474907,32.646528,33.439146,31.925868,35.304731,31.686349,29.785678,28.292426,30.916498,27.684609,25.958179,24.698289,26.619666,23.831423,22.272885,21.209648,22.790897,20.3889,18.995313,18.04466,19.432857,17.448038,16.196336,15.369897,16.332954,14.664802,13.662684,13.048464,14.108625,12.799073,12.085432,11.560333,12.097213,11.150652,10.707229,10.387284,10.928141,10.163352,9.748938,9.405023,9.716104,9.13633,8.797121,8.611273,8.947025,8.257045,8.028126,7.682282,7.912159,6.956706,6.384027,5.658095,5.633656,4.839488,4.486679,4.103213,4.07559,3.517381,3.247531,2.951303,2.918397,2.509466,2.302548,2.119518,2.078931,1.746827,1.688517,1.611173,1.539401,1.269823,1.233027,1.185651,1.972331,1.693809,1.637987,1.564315,1.563662,1.362255,1.353993,1.287408,1.22266,1.070396,1.015173,0.963052,2.812897,2.530041,2.41541,2.298908,2.669217,2.413812,2.31556,2.189655,2.818023,2.532309,,4.096428,3.810954,3.472076,2.767286,1.871842,1.774011,0.759298,1.070636,0.373684,,
每股指标,每股营业收入,15.701049,13.595134,9.516766,22.973772,17.496764,13.048207,8.973834,21.452982,16.110948,11.723591,8.022155,19.056185,14.370252,10.619922,7.097099,17.05712,12.809329,9.468124,6.266691,14.767348,10.947207,7.926489,5.213876,12.911686,9.558315,6.994793,4.531692,10.312785,7.53561,5.518635,3.661164,7.95233,5.789723,4.11519,2.67621,6.465755,4.66275,3.492032,2.324984,5.705868,3.986162,2.95456,1.774366,5.535214,3.969559,3.072348,1.77026,6.511803,5.049,4.088517,2.285531,7.165775,5.565539,3.964657,2.168262,5.361109,4.122474,2.791075,1.64505,4.094161,3.022078,1.995946,1.183789,2.931854,2.115318,1.40699,0.879578,2.089867,1.73307,1.211095,0.813006,1.930616,1.591969,1.144077,1.110071,2.724101,2.196471,1.621672,1.007022,2.367315,1.832176,1.404074,0.910764,2.322627,1.688453,1.275095,1.807139,4.671446,3.423309,2.527704,2.013413,5.051123,3.968416,3.064742,2.604258,5.456705,4.257698,5.511529,3.912166,8.23675,5.557676,6.893314,5.940291,8.794832,3.782604,9.185226,,
每股指标,每股营业总收入,15.701049,13.595134,9.516766,22.973772,17.496764,13.048207,8.973834,21.452982,16.110948,11.723591,8.022155,19.056185,14.370252,10.619922,7.097099,17.05712,12.809329,9.468124,6.266691,14.767348,10.947207,7.926489,5.213876,12.911686,9.558315,6.994793,4.531692,10.312785,7.53561,5.518635,3.661164,7.95233,5.789723,4.11519,2.67621,6.465755,4.66275,3.492032,2.324984,5.705868,3.986162,2.95456,1.774366,5.535214,3.969559,3.072348,1.77026,6.511803,5.049,4.088517,2.285531,7.165775,5.565539,3.964657,2.168262,5.361109,4.122474,2.791075,1.64505,4.094161,3.022078,1.995946,1.183789,2.931854,2.115318,1.40699,0.879578,2.089867,1.73307,1.211095,0.813006,1.930616,1.591969,1.144077,1.110071,2.725356,2.197786,1.622595,1.007518,2.369415,1.833716,1.405078,0.911306,2.32405,1.689594,1.275857,1.807891,4.674178,3.425603,2.52874,2.014838,5.054516,3.970363,3.065893,2.605282,5.459221,4.260632,5.512366,3.914042,8.243006,5.561548,6.898822,5.940291,8.794943,3.782638,9.185226,,
每股指标,每股息税前利润,7.589011,6.887864,5.265051,11.388002,8.890099,6.803134,5.014221,10.800755,8.150315,6.100874,4.489713,9.571168,7.17335,5.429564,3.901078,8.377851,6.195611,4.712668,3.233942,7.130665,4.901643,3.874296,2.653612,6.210315,4.205346,3.337436,2.246548,4.795121,3.399465,2.540303,1.748998,3.531998,2.385449,1.844543,1.247777,2.467476,1.703755,1.409149,1.00408,2.187062,1.500006,1.183538,0.74742,2.113948,1.570518,1.46143,0.901799,2.962902,2.419684,2.112463,1.259916,3.619279,2.659268,1.726438,1.068641,2.239206,1.681367,1.167769,0.747397,1.599129,1.204887,0.798788,0.546551,1.184377,0.816562,0.568452,0.434532,0.632027,0.530655,0.450927,0.351928,0.573858,0.509508,0.449701,0.411733,0.658597,0.561781,0.458487,0.304949,0.441066,0.424195,0.342474,0.239346,0.46882,0.376702,0.301055,0.424144,0.801976,0.61967,0.471861,0.437673,0.769277,0.602555,0.442815,0.422434,1.073795,,1.287577,0.812189,2.068224,1.495258,1.608036,1.169177,2.409618,0.917868,2.171815,,
盈利能力,净资产收益率(ROE),15.37,13.63,10.56,23.35,18.33,13.7,10.28,25.06,19.2,14.19,10.43,25.28,19.25,14.43,10.36,25.3,19.03,14.3,9.35,24.94,18.48,13.62,9.86,25.26,18.57,13.7,9.7,22.8,16.07,12.37,8.91,19.38,14.09,10.03,7.35,15.01,11.37,8.59,6.48,14.93,11.23,8.03,5.31,15.42,12.53,10.51,7.0,23.71,21.08,17.01,11.0,36.82,29.8,19.24,12.38,30.01,24.39,17.16,10.87,26.68,21.26,14.68,10.13,24.95,,13.24,,17.29,,11.93,,16.52,,12.3,,14.94,,10.54,,11.37,,8.58,,13.21,,8.55,,12.42,,,,12.26,,7.39,,19.52,,12.558,,,,,,41.03,,,,
盈利能力,摊薄净资产收益率,15.096083,13.875598,10.030855,23.898492,18.282804,14.604281,9.780508,23.31815,18.687853,14.638314,9.90921,23.407715,18.62527,14.740256,9.848695,23.596879,18.627878,14.849932,9.811274,23.282869,18.114654,14.170317,9.396049,23.424417,18.065923,14.097023,9.255135,21.08178,15.930913,12.427631,8.525864,18.137973,13.757523,10.222732,7.091224,14.411649,11.237979,8.797872,6.279432,14.254035,11.02366,8.152042,5.286421,14.79802,12.341239,10.689381,6.765745,22.089863,20.16782,17.077227,10.426984,31.886898,26.919034,19.24,11.670931,26.63297,22.121724,16.544237,10.293769,24.282345,19.883006,14.17337,9.620312,22.730281,17.05,12.54,9.97,15.91,14.24,11.93,9.52,15.35,14.02,12.35,8.26,14.17,12.57,10.36,6.91,10.75,10.48,8.22,5.91,12.61,10.57,8.56,6.0,11.7,9.35,6.84,5.16,11.56,9.67,7.12,5.034277,17.29,14.279,10.92,6.647301,24.09,15.08,26.81,15.17,31.35,13.08,86.98,98.11,96.0
盈利能力,净资产收益率_平均,15.600258,14.24008,10.56051,24.237365,18.750577,14.656495,10.283392,24.804847,19.332861,14.788022,10.425766,25.05065,19.37024,14.986401,10.358799,25.303359,19.390076,15.120894,10.317409,24.94403,18.818431,14.387792,9.859238,25.26117,18.873921,14.394469,9.704203,22.914041,16.814466,12.863727,8.905499,19.268286,14.257177,10.388838,7.351894,15.009091,11.499489,8.883339,6.482982,14.925499,11.339414,8.256131,5.429946,15.452018,12.682059,10.884857,7.002635,23.711242,21.403489,17.800094,11.000494,36.608507,29.948197,20.452199,12.385259,29.875566,24.162651,17.501692,10.862958,27.151847,21.659768,14.959773,10.116385,25.295195,18.490799,13.274322,10.496399,17.286256,15.335186,12.681999,10.000031,16.474625,14.955985,13.057461,8.615525,14.986666,13.175408,10.730956,7.156005,11.365771,11.061796,8.576003,6.095245,13.166934,10.915819,8.740861,6.183204,12.423242,9.811587,7.081723,5.293105,12.263705,10.156623,7.386376,5.164001,20.587937,16.797383,12.642953,7.584843,27.388017,16.309169,31.012953,16.451458,51.292992,22.411965,103.841767,105.89759,95.999423
盈利能力,净资产收益率_平均_扣除非经常损益,15.588427,14.231095,10.561323,24.152742,18.67672,14.565729,10.278671,24.727572,19.255629,14.70518,10.354059,25.024441,19.39928,14.997967,10.377006,25.249948,19.343254,15.044491,10.311592,24.994199,18.867164,14.397881,9.889873,25.266638,18.968449,14.484995,9.801504,22.939032,16.72659,12.821044,8.886026,19.20575,14.226704,10.363391,7.3428,14.875712,11.395641,8.875301,6.469269,14.896218,11.307875,8.235838,5.41871,15.520503,12.642301,10.86333,6.989635,24.310082,21.825662,18.252853,11.405234,36.572487,29.940809,20.429352,12.349817,29.987183,24.106408,17.489719,10.792011,27.453747,21.725007,15.004874,10.141835,25.19411,18.401319,13.181042,10.491425,17.501819,15.554104,12.894389,9.998782,16.219538,14.92502,12.958486,8.644923,14.979907,13.14939,10.712804,7.153842,11.309765,11.015475,8.531275,6.108999,13.289382,10.973385,8.749305,6.180979,12.484985,9.825788,7.084349,5.276874,11.571827,9.516452,6.683429,,15.04059,,12.631709,,27.388016,16.309177,31.012953,,,,,,
盈利能力,摊薄净资产收益率_扣除非经常损益,15.084635,13.866843,10.031628,23.815052,18.21079,14.513839,9.776018,23.245506,18.613199,14.55631,9.841056,23.383225,18.653193,14.751633,9.866006,23.54707,18.582897,14.774899,9.805743,23.329697,18.161564,14.180254,9.425244,23.429487,18.156405,14.185678,9.347933,21.104772,15.847655,12.386395,8.50722,18.079106,13.728118,10.197692,7.082453,14.283579,11.136492,8.789912,6.266149,14.226071,10.993,8.132006,5.275482,14.863606,12.30255,10.66824,6.753185,22.647755,20.565621,17.511599,10.810623,31.855524,26.912393,19.22,11.637532,26.732472,22.070232,16.532918,10.226539,24.552339,19.942893,14.2161,9.644513,22.639445,16.96,12.45,9.97,16.11,14.45,12.13,9.52,15.11,13.99,12.26,8.29,14.16,12.542624,10.34,6.906719,10.7,10.438152,8.18,5.928326,12.73,10.625292,8.56,5.995619,11.75,9.366297,6.84208,5.14082,10.9,,6.45,,12.63,,10.919,,,,,,,,,,
盈利能力,息税前利润率,48.334417,50.664185,55.32395,49.56958,50.809963,52.138463,55.876017,50.346174,50.588672,52.039295,55.966425,50.226047,49.918053,51.126217,54.967215,49.116447,48.367956,49.774044,51.605267,48.286698,44.775282,48.877838,50.895188,48.098409,43.99673,47.71316,49.574153,46.496858,45.112013,46.031359,47.771646,44.414635,41.201447,44.822789,46.624781,38.162227,36.539703,40.353273,43.186533,38.330053,37.630349,40.058031,42.123214,38.19091,39.564058,47.567226,50.941611,45.500491,47.924034,51.668194,55.125771,50.507859,47.78096,43.545722,49.285623,41.767594,40.785403,41.839391,45.43312,39.058783,39.869506,40.020558,46.169684,40.396867,38.602326,40.401975,49.402317,30.242466,30.619403,37.233067,43.287322,29.72409,32.004932,39.306907,37.090746,24.165572,25.561256,28.256393,30.267394,18.614981,23.133106,24.374029,26.264071,20.172542,22.295457,23.596333,23.460708,17.157587,18.089387,18.659957,21.722503,15.219603,15.176322,14.443272,16.214544,19.669387,,23.35799,20.750656,25.090652,26.885654,23.308858,19.682157,27.397771,24.265302,23.644654,30.856128,36.740541
盈利能力,总资产报酬率,15.952082,14.010091,10.582677,24.996105,20.47113,15.028906,11.249025,26.347193,20.771333,15.611306,11.127374,25.769646,20.601988,15.849969,11.076122,26.066306,20.717942,15.340657,10.723665,25.129087,18.438464,14.97964,9.724196,25.046347,18.253713,14.875231,9.688911,23.707997,17.947242,13.029734,8.818646,20.146727,14.120135,11.060655,7.284657,16.329102,11.457699,9.508674,6.714392,16.779291,12.028333,9.579342,5.968338,17.726141,13.429115,12.490553,7.486756,25.167687,20.609829,17.760109,10.425389,33.446341,25.628018,17.117168,10.707725,25.922656,20.591979,14.516512,9.506277,24.515045,20.088371,13.753061,9.502225,26.180168,19.12787,14.334607,11.837545,19.141126,16.27707,14.229586,11.116951,19.882857,17.307265,15.576335,10.299326,17.903611,15.335191,12.729002,8.280474,12.981637,12.544401,10.132375,7.230021,14.890619,11.972229,9.645353,6.649861,14.006764,10.99133,8.777382,6.688867,12.460464,9.853085,7.396275,5.47685,16.532712,,12.065068,8.360519,23.304436,18.036835,23.172195,13.444208,39.560735,15.926832,51.336264,49.483774,44.336288
盈利能力,总资本回报率,21.262718,19.432648,14.445631,33.516091,25.852193,20.220104,14.190691,34.349231,26.730486,20.501895,14.444603,34.688375,26.824707,20.785344,14.399929,35.063414,26.786831,20.845724,13.8909,34.598778,24.615546,19.932107,13.181352,34.992549,24.561517,19.974523,13.068927,31.865374,23.36884,17.839342,11.893926,26.704989,18.536164,14.631549,9.691433,20.720957,14.578946,12.22537,8.511417,20.0628,14.026611,11.248177,6.999894,21.249859,16.061008,15.088804,9.152157,33.447947,27.673179,24.647018,14.505465,50.623046,38.747157,26.559924,16.471186,41.239147,32.005303,23.070823,14.806233,37.496031,29.174942,20.06121,13.783351,35.047091,24.927133,17.851809,13.733681,22.901505,19.433608,16.751054,13.250079,24.43244,21.84546,19.479026,12.925058,22.863949,19.693062,16.282884,10.831346,17.170117,16.539967,13.529162,9.577657,20.210175,16.434753,13.285466,9.269903,19.176028,15.019452,11.600677,9.049742,17.302598,13.704124,10.16348,7.584348,23.540078,,17.281979,11.114204,35.22615,27.209068,36.848981,19.412037,69.236472,25.244308,116.497652,84.109874,63.58407
盈利能力,投入资本回报率,15.542468,14.179911,10.508009,24.182311,18.695547,14.604988,10.24617,24.761233,19.298981,14.757008,10.398093,24.965889,19.273405,14.921126,10.29791,25.280312,19.32883,15.062665,9.814845,24.94403,17.396921,14.437399,9.346399,25.26117,17.323616,14.394469,9.175835,22.924242,16.823375,12.872756,8.432123,19.299479,12.947633,10.400153,6.908481,15.073351,10.238842,8.943013,6.08306,14.960414,9.969696,8.272969,5.002836,15.474287,11.360403,10.884561,6.347115,23.710537,19.416156,17.799547,10.2763,36.607158,27.565947,18.829263,11.80692,29.874117,22.982482,16.524017,10.740196,27.15017,20.987141,14.447481,10.036056,24.438801,17.959883,13.274322,10.405081,17.284193,14.48705,12.680447,9.843918,16.470007,14.488615,13.053737,8.573948,14.981869,12.830252,10.727442,7.11544,11.361692,10.950856,8.572879,6.003591,13.164317,10.70798,8.739083,6.153975,12.398599,9.439557,7.06567,5.236233,12.209214,9.672946,7.313596,4.984498,20.470481,16.746557,12.566603,7.391202,26.74616,16.012292,30.264483,15.95372,45.838673,21.40823,78.926334,57.469626,43.375759
盈利能力,息前税后总资产报酬率_平均,12.03992,10.560153,7.960926,18.792925,15.403478,11.293439,8.463373,19.816433,15.654004,11.735222,8.37061,19.434743,15.520411,11.942751,8.321846,19.699564,15.675996,11.623798,8.357439,18.987089,14.756474,11.363759,7.609675,18.939309,14.678334,11.261062,7.568487,17.889295,13.558292,9.869472,6.925617,15.179345,11.328706,8.206802,5.750808,12.353118,9.383531,7.204248,5.299487,12.985647,10.091485,7.309254,4.817116,13.401563,11.024614,9.371945,5.982817,18.622693,16.628445,13.377344,8.253573,25.162011,20.598916,13.689974,8.359034,19.501193,16.135892,11.431614,7.242513,18.424144,15.516402,10.62799,7.227731,20.187024,14.70367,10.761131,9.109087,14.597851,12.961895,10.874748,8.452341,13.442836,11.873392,10.450268,6.875032,11.824014,10.302784,8.426194,5.49616,8.673251,8.439028,6.464739,4.640211,9.71996,7.960795,6.356665,4.433841,9.066861,7.173767,5.346452,3.916387,8.874904,7.406316,5.522944,3.777979,14.463833,11.200396,8.779821,5.675095,18.033648,10.801451,19.484503,11.393798,28.387017,13.714535,33.614324,31.821083,28.608949
盈利能力,毛利率,74.925515,76.827815,77.742381,77.054799,77.059104,77.361134,78.426415,75.79363,75.859228,76.776972,78.394647,75.424145,75.97272,76.91956,78.408098,75.352647,75.258592,74.955068,76.431927,74.159651,74.530713,74.539266,76.531593,74.455818,73.809563,73.814635,75.782659,73.802814,73.470897,72.837244,73.192946,72.007325,71.106455,71.650387,70.534402,70.199176,70.128384,70.00406,69.841758,69.195831,69.228119,69.89578,69.477491,72.529178,74.861683,75.500618,74.969616,73.257328,72.140789,71.799408,76.566258,70.531558,69.348501,65.10042,69.388103,66.116904,66.011321,66.121619,65.760463,68.707962,66.334467,67.387149,69.86735,65.310598,62.253638,61.998989,67.445287,54.392518,54.478744,58.455171,60.764579,53.906613,55.454433,60.255226,58.125665,52.796272,53.601474,56.67662,58.656812,49.99732,50.99505,51.651283,51.792871,48.880251,47.316017,46.587537,45.065296,44.963475,45.546318,44.394364,44.467551,43.914232,45.576466,44.079949,41.721322,44.245577,,44.271323,38.090327,51.16426,56.76739,52.350789,51.383109,47.192481,50.712872,48.179966,56.868636,57.184544
盈利能力,销售净利率,36.445544,38.15574,41.6021,37.222757,38.196111,39.145711,42.016216,37.852762,38.112179,39.098983,42.09041,37.814175,37.575911,38.449108,41.276664,37.015255,36.545219,37.666615,40.218332,36.484567,35.834075,36.957749,39.828058,36.370598,35.379032,36.120504,38.724819,35.070156,34.062793,34.843509,37.516884,33.411874,33.056276,33.223017,36.807519,28.751732,29.924983,30.376692,34.085957,29.596931,31.570965,30.504479,33.998149,28.832864,32.480061,35.690767,40.708467,33.667842,38.666121,38.917733,43.641978,37.997559,38.404686,34.827012,38.475048,31.421083,31.959477,32.948119,34.613967,29.354408,30.795494,30.926795,35.118307,31.149247,29.673761,30.330163,38.015482,23.064213,24.383104,28.454812,32.911832,20.096511,21.956509,26.371269,24.758911,15.966929,17.183339,18.715479,20.099845,12.448013,15.57548,15.562438,16.866235,13.175842,14.835122,15.560194,15.649101,11.112942,11.814403,11.370753,12.727706,10.846977,11.413257,10.789125,11.189333,17.214257,17.575423,17.000327,14.092235,19.430621,16.11183,19.615078,16.680381,19.659664,20.894946,15.482215,19.847289,23.715601
盈利能力,成本费用利润率,130.851215,146.121456,183.774554,136.810901,144.090391,152.280154,184.104185,143.923192,142.96131,152.42034,185.375574,141.076874,137.888177,145.529887,178.003417,134.270331,128.211815,135.237259,162.743371,127.867431,121.505219,128.980148,157.189554,125.953616,119.009783,124.906424,151.729534,119.237914,111.973303,114.209825,136.452091,99.536823,96.755089,96.48409,111.136215,69.751728,74.869195,76.727176,95.440964,71.218477,80.740703,76.345587,92.94853,69.884834,85.239031,105.045764,140.6182,98.405274,126.970901,129.639581,174.558012,119.52602,120.80974,99.483202,123.768156,83.011411,84.609312,89.284176,97.517715,75.53995,79.976216,81.034276,101.769421,80.040751,72.908381,75.911653,114.48417,48.58619,52.719722,67.326909,87.639888,47.703275,54.515296,73.171515,66.48976,36.345139,40.250217,45.415039,51.104155,27.004613,36.153517,36.693634,41.006775,28.850519,33.249731,34.873052,34.373991,23.814591,26.527227,26.67966,32.146315,21.377176,22.314472,20.274871,23.585107,27.736182,,33.863801,29.384945,36.803767,40.732874,34.366113,27.708994,41.886083,37.867611,35.751525,50.820356,69.219064
盈利能力,营业利润率,48.362691,50.682954,55.348512,49.565446,50.815764,52.094292,55.841654,50.44148,50.665035,52.114809,56.11067,50.257004,50.008269,51.130745,55.061728,49.166129,48.484415,49.794975,53.554905,48.544852,47.600449,48.939456,53.069484,48.377326,47.110538,48.11212,52.203305,46.76069,44.96321,45.887944,49.602805,44.305934,43.900876,44.570218,48.623412,37.63563,39.298123,39.925926,44.901962,38.072524,41.071106,39.805418,44.54025,38.228611,42.695702,47.484301,54.500121,46.250346,52.404278,53.011269,60.062691,50.37356,50.625961,46.054736,50.886368,41.752793,42.218816,43.451595,45.563636,39.216446,40.629612,40.772566,46.276489,41.212897,39.239378,40.119934,49.696484,30.645496,32.412648,37.862437,43.787845,29.793291,32.615986,39.008801,37.328864,24.291523,26.104873,28.414631,30.365183,18.623336,23.298265,24.400188,26.56551,20.356169,22.715144,23.650725,23.523127,17.27136,18.53652,18.666246,21.771933,15.293656,15.751884,14.44874,16.530065,19.718376,0.03646,23.411972,21.052294,25.478274,27.178228,23.765175,20.187101,28.975655,24.593608,23.107783,29.61548,35.384521
盈利能力,总资产净利率_平均,11.648948,10.214093,7.694987,18.01216,14.789702,10.845692,8.117565,18.985746,14.991321,11.231071,8.008149,18.513611,14.79019,11.355286,7.916508,18.738089,14.927436,11.0701,7.964958,18.116845,14.09609,10.812903,7.273394,18.080993,14.026786,10.719708,7.194406,17.048161,12.91349,9.395578,6.602903,14.536344,10.860568,7.853396,5.526121,11.827879,9.037532,6.909302,5.114223,12.482618,9.723724,7.031035,4.629634,12.889375,10.603584,9.010269,5.728225,17.840837,15.939945,12.82597,7.906051,24.186128,19.807478,13.180366,8.051185,18.778673,15.545294,11.011757,6.974151,17.750911,14.91288,10.255085,6.973772,18.894769,14.188941,10.658986,9.047218,14.446165,12.842793,10.771712,8.389088,13.407573,11.849638,10.441907,6.865646,11.73155,10.25651,8.386084,5.468915,8.59012,8.386578,6.420473,4.599506,9.699314,7.950251,6.344643,4.434692,9.056315,7.164135,5.346075,3.903302,8.792144,7.269401,5.322328,3.711721,14.375467,11.200396,8.773123,5.66971,18.03119,10.801451,19.484503,11.393798,28.387017,13.714535,33.614324,31.821083,28.608949
盈利能力,总资产净利率_平均(含少数股东损益),12.02833,10.551149,7.957884,18.770059,15.389059,11.283747,8.458753,19.809132,15.648577,11.729332,8.368513,19.401445,15.508186,11.919857,8.317419,19.644152,15.653788,11.609075,8.357439,18.987089,14.756474,11.326478,7.609675,18.939309,14.678334,11.261062,7.568487,17.881706,13.55145,9.862877,6.925617,15.155813,11.328706,8.198248,5.750808,12.302478,9.383531,7.157835,5.299487,12.956296,10.091485,7.294738,4.817116,13.382646,11.024614,9.371945,5.982817,18.622693,16.628445,13.377344,8.253573,25.162011,20.598916,13.689974,8.359034,19.501193,16.135892,11.431614,7.242513,18.424144,15.516402,10.62799,7.227731,20.187024,14.70367,10.761131,9.109087,14.597851,12.961895,10.874748,8.452341,13.442836,11.873392,10.450268,6.875032,11.824014,10.302784,8.426194,5.49616,8.673251,8.439028,6.464739,4.640211,9.71996,7.960795,6.356665,4.433841,9.066856,7.173767,5.346452,3.916387,8.874584,7.406316,5.522944,3.777979,14.462433,11.200396,8.779821,5.675095,18.033648,10.801451,19.484503,11.393798,28.387017,13.714535,33.614324,31.821083,28.608949
成长能力,归母净利润,21511276550.29,19491942398.53,14860265752.48,31853172533.98,24930782556.55,19056829528.87,14045140540.62,30210585269.3,22832929162.29,17036708791.18,12542086212.64,26689983647.2,19987257831.38,15098908450.93,10822866097.02,23377074353.4,17327440998.66,13200371746.73,9323613990.16,19954809594.52,14545454674.88,10855391967.86,7704289543.99,17402164190.16,12543547315.61,9335637379.26,6475113303.33,13384246683.6,9494416489.82,7110255593.99,4971013118.03,9673721498.15,6964763242.98,4971505554.13,3593112440.79,6784533260.36,5101313177.67,3886813135.28,2903112187.15,6176119256.18,4603019813.79,3297527845.59,2200799535.17,5834915278.94,4707288391.6,4001813151.27,2619140414.17,7972814983.24,7103846987.47,5791034483.35,3626866317.84,9934872820.43,7801870232.83,5046255082.03,3050121093.22,6157465187.41,4818212597.39,3362588438.61,2081397684.72,4395355533.17,3395360031.98,2260967469.55,1522636468.96,3244803973.03,2299297028.74,1604524477.06,1260659305.39,1810687550.16,1589346896.13,1295752332.4,1008106553.49,1468920725.13,1324191177.8,1144356425.07,744189340.47,1167350516.9,1018761472.91,819004580.22,546420211.86,791348797.04,768945225.39,588407325.0,412850003.6,827997151.42,678264477.18,536945227.04,383467762.43,702974477.92,547569010.36,389627161.78,288544519.86,613234637.84,502234364.81,359993246.11,248796308.78,811407817.88,650310000.0,478617774.29,281563149.47,768112120.07,429812800.45,649021962.9,317076251.64,553291095.09,252919406.88,341298375.86,259939328.41,216927477.38
成长能力,营业总收入,60945321083.57,52770984383.52,36940356116.35,89175178322.7,67915580112.25,50648026578.65,34832906762.77,83272067317.19,62536387639.06,45506384818.37,31138862489.34,73968640704.54,55779686820.31,41222377583.11,27548160168.43,66209053612.11,49720797308.73,36751547826.7,24324839644.81,57321059453.15,42492767199.91,30767525988.4,20238226408.6,50118105877.14,37101632092.99,27151044852.75,17590253203.22,40030189599.87,29250287403.09,21421181221.36,13897660045.38,30186780409.14,21977596629.7,15621127660.56,10158807519.1,24543792660.59,17699643832.21,13255638646.02,8825564213.47,21659287359.66,15131341357.21,11215414006.94,6735435074.16,21011491536.14,15068314515.67,11662532799.27,6719851620.27,24718588617.99,19165837235.44,15519877625.32,8675799862.76,27201045951.34,21126603442.65,15049709413.35,8230651472.62,20350594468.71,15648774490.19,10594830203.2,6244557079.65,15541300510.85,11471710170.86,7576545903.49,4493625787.55,11129220549.61,8029680076.37,5340889931.81,3338850726.59,7933068723.21,6578679657.12,4597277683.02,3086147513.71,7328555841.62,6043063119.97,4342880480.16,3009852591.59,7397006488.91,5960287978.61,4400713179.1,2732632055.31,6424444417.27,4971947983.27,3809736337.18,2470919490.54,6301441944.13,4581174951.97,3459364902.32,2450963328.68,6336794521.89,4644099011.0,3428218922.98,2276267758.08,5710350351.62,4485526549.75,3463699393.39,2264094795.28,4744281992.52,3702660000.0,2817921669.36,2000858441.52,3956643154.79,2669543118.95,3311434887.09,1900893259.47,2814381927.45,1210444191.27,2204454415.56,1310021438.34,915011267.76
成长能力,净利润,22211853938.77,20135159943.19,15367964256.37,33193460484.32,25941110519.45,19826530605.22,14635469470.38,31520777582.15,23833980021.3,17792533904.19,13106474901.33,27969785575.27,20957648104.75,15849608593.36,11370961710.44,24507450330.26,18170574729.24,13843064057.19,9783044789.88,20913340409.54,15226890133.11,11370985057.64,8060492743.98,18228255278.61,13126198629.74,9807094323.82,6811793755.47,14038650126.48,9963464943.26,7463891285.89,5213969088.07,10085969230.03,7264975166.49,5189809959.76,3739205084.99,7056765568.86,5296615569.5,4026624588.92,3008278093.8,6410484336.27,4777110529.65,3421203676.33,2289923256.68,6058214963.07,4894197804.05,4162447434.2,2735548585.6,8322215360.95,7410685949.08,6039984671.73,3786290698.79,10335733704.78,8113605924.16,5241364125.36,3166747159.32,6394377214.98,5001266488.0,3490797304.94,2161488984.34,4562056835.6,3532769841.43,2343182863.01,1578085299.87,3466668431.51,2382708112.88,1619900643.9,1269280228.71,1829699892.55,1604086352.94,1308146766.3,1015707693.31,1472784098.42,1326845730.08,1145272727.91,745206726.04,1176610733.74,1023357815.7,822921865.61,549147078.08,799007076.77,773754249.82,592464063.88,416503687.6,829759695.11,679164074.52,537962660.0,383394123.2,703792730.94,548305195.13,389654678.44,289511785.36,618984667.91,511693618.56,373562587.13,253237536.76,816316516.73,650310000.0,478983205.57,281830575.43,768216832.5,429812800.45,649021962.9,317076251.64,553291095.09,252919406.88,341298375.86,259939328.41,216927477.38
成长能力,扣非净利润,21494962886.91,19479643890.31,14861410760.6,31741959276.27,24832581937.49,18938813683.76,14038692986.63,30116468910.79,22741715598.72,16941269701.1,12455824184.77,26662736708.98,20019303711.95,15110589652.06,10841889446.84,23327729257.82,17285600231.62,13133673289.37,9318357623.15,19994943929.15,14583122047.13,10863004373.26,7728228541.4,17405930787.45,12606370480.64,9394348262.26,6540037045.57,13398843689.9,9444796685.82,7086663072.03,4960143160.87,9642325077.81,6949876917.86,4959327974.09,3588668071.75,6724241894.08,5055244779.44,3883296276.12,2896971315.34,6164002847.37,4590217129.87,3289422987.58,2196245543.0,5860776426.57,4692531124.81,3993898746.0,2614278234.78,8174172701.95,7243966914.6,5938333948.09,3760309224.67,9925097898.26,7799945444.83,5040617886.41,3041392574.57,6180469794.03,4806997355.04,3360287955.0,2067803797.34,4444227227.52,3405586865.5,2267783866.69,1526466966.02,3231785749.02,2288170337.13,1593249379.75,1260061829.93,1833267210.61,1612035646.3,1317452753.42,1007980647.95,1446176504.54,1321449605.93,1135682321.16,746728661.71,1169589859.16,1016749739.27,817619181.7,545929950.67,787449296.75,765725292.38,585338511.86,413781543.57,835697295.58,681841401.43,537463889.16,383329772.51,706468211.27,548361521.8,389771608.94,287659733.45,578637973.94,470578572.15,325733377.4,,592776828.4,,478192139.45,,768112100.0,429813000.0,649021962.9,,,,,,
成长能力,营业总收入增长率,-10.263122,4.19159,6.050167,7.088944,8.6017,11.298726,11.863131,12.577528,12.113192,10.392431,13.034272,11.719827,12.185825,12.16501,13.251148,15.505634,17.010024,19.449148,20.192546,14.371958,14.530722,13.319859,15.053638,25.20077,26.84194,26.748588,26.569891,32.608343,33.091383,37.129544,36.804049,22.991506,24.169711,17.845153,15.106607,13.317637,16.973395,18.191255,31.031835,3.083054,0.418273,-3.833805,0.231901,-14.997203,-21.379304,-24.854221,-22.544875,-9.12633,-9.281029,3.124101,5.408422,33.662168,35.004843,42.047669,31.805208,30.945247,36.411871,39.837207,38.964777,39.644105,42.866341,41.85924,34.586004,40.288971,22.056103,16.175056,8.188306,8.248731,8.863328,5.857798,2.534839,-0.925383,1.388777,-1.314166,10.144817,15.022304,19.854214,15.48081,10.557601,1.951973,8.529973,10.128201,0.814217,-0.557893,-1.354925,0.908517,7.674649,10.970328,3.535202,-1.024351,0.537652,20.362793,21.143355,22.916808,13.15617,19.906744,,5.5582,,19.48425,40.436245,17.661176,57.040966,27.667957,,68.276209,43.169978,
成长能力,归属母公司净利润增长率,-13.715999,2.283238,5.80361,5.437124,9.187841,11.857458,11.984085,13.190722,14.237427,12.834042,15.885072,14.174515,15.362305,14.382661,16.08016,17.150074,19.126155,21.601981,21.018478,14.668551,15.959658,16.279066,18.983084,30.01975,32.114989,31.298196,30.257417,38.35675,36.320735,43.020167,38.348387,42.584922,36.52883,27.906986,23.767605,9.851072,10.825357,17.870517,31.911704,5.847625,-2.215045,-17.599155,-15.972449,-26.814866,-33.736067,-30.896402,-27.78503,-19.749199,-8.94687,14.759051,18.908928,61.346796,61.924574,50.070553,46.541966,40.090264,41.905793,48.723432,36.696954,35.458276,47.669482,40.911996,20.780964,79.200023,44.669299,23.829565,25.052188,23.266526,20.023975,13.229786,35.463718,25.833732,29.980492,39.725277,36.193596,47.86369,32.488172,39.190072,32.274429,-4.426144,13.369526,9.584236,7.662245,17.784809,23.868309,37.810009,32.89726,14.63385,9.026591,8.231797,15.976206,-24.423375,-22.770007,-24.784814,-11.637474,5.636637,,11.354937,,18.349172,35.555027,17.302079,25.366517,62.113603,,31.299245,19.827756,
收益质量,经营活动净现金/销售收入,0.463489,0.590035,0.429037,0.380596,0.438693,0.265122,0.014819,0.501278,0.358011,0.248972,0.306228,0.33029,0.193358,0.045777,-0.123457,0.4044,0.309687,0.236928,0.226331,0.256421,0.092803,0.037966,-0.059382,0.461152,0.436404,0.308121,0.450622,0.307701,0.132541,0.027853,0.172549,0.323524,0.277244,0.20259,0.181479,0.476566,0.596757,0.325238,0.086058,0.308923,0.377347,0.277886,0.286903,0.037815,-0.050031,-0.156639,-0.327644,0.05902,0.016382,0.096507,0.13102,0.321666,0.309951,0.262304,0.204314,0.468439,0.432745,0.510608,0.378714,0.495654,0.417617,0.41426,0.475924,0.543974,0.603416,0.352628,0.367634,0.248659,0.282296,0.260326,0.379744,0.227267,0.345825,0.368393,0.35078,0.180915,0.200218,0.202392,0.288753,0.195165,0.162636,0.187361,0.166356,0.130477,0.184787,0.194792,0.391633,0.164952,0.171618,0.09459,0.102666,0.184576,,0.148345,,0.22631,,0.092224,,0.327545,0.197613,0.271533,0.229512,0.127562,,,,
收益质量,经营性现金净流量/营业总收入,0.463489,0.590035,0.429037,0.380596,0.438693,0.265122,0.014819,0.501278,0.358011,0.248972,0.306228,0.33029,0.193358,0.045777,-0.123457,0.4044,0.309687,0.236928,0.226331,0.256421,0.092803,0.037966,-0.059382,0.461152,0.436404,0.308121,0.450622,0.307701,0.132541,0.027853,0.172549,0.323524,0.277244,0.20259,0.181479,0.476566,0.596757,0.325238,0.086058,0.308923,0.377347,0.277886,0.286903,0.037815,-0.050031,-0.156639,-0.327644,0.05902,0.016382,0.096507,0.13102,0.321666,0.309951,0.262304,0.204314,0.468439,0.432745,0.510608,0.378714,0.495654,0.417617,0.41426,0.475924,0.543974,0.603416,0.352628,0.367634,0.248659,0.282296,0.260326,0.379744,0.227267,0.345825,0.368393,0.35078,0.180832,0.200099,0.202277,0.288611,0.194992,0.162499,0.187228,0.166257,0.130397,0.184662,0.194676,0.39147,0.164856,0.171503,0.094551,0.102594,0.184452,,0.148289,,0.226206,,0.09221,,0.327296,0.197475,0.271316,0.229512,0.127561,,,,
收益质量,成本费用率,36.911617,34.650369,30.095598,36.199041,35.237725,34.216433,30.337751,34.971585,35.377022,34.12908,30.185139,35.555898,36.180355,35.080332,30.867522,36.502505,37.6846,36.769654,32.856829,37.763094,38.978561,37.801314,33.637945,38.187398,39.30246,38.199124,33.993649,38.982545,40.272827,40.283803,36.403214,44.569191,45.591657,46.420219,43.872296,54.541843,53.024887,52.336479,47.375592,53.726231,51.156671,52.389838,48.083197,54.590031,50.233951,45.282383,38.820896,46.237858,40.453798,39.855261,33.156134,42.25679,41.981058,46.44524,41.217909,50.315484,49.980061,48.844905,46.974108,51.706128,50.998674,50.645937,45.629139,51.702225,54.074039,53.222362,43.439021,62.244984,60.608825,55.30191,49.969581,62.310376,59.953263,53.718865,55.952891,66.519775,64.643887,62.253553,59.465102,68.993736,64.453706,66.473285,64.684405,69.963739,67.939454,67.703921,68.485872,72.088642,69.828086,69.969413,67.95615,71.241562,70.217642,71.264057,70.186199,70.942678,,68.986747,71.578107,69.212021,66.73535,69.20607,72.852954,69.041055,64.916398,64.6344,58.289279,51.136808
收益质量,期间费用率,11.837133,11.478184,7.837979,13.253841,12.296829,11.577567,8.764166,10.765216,11.23625,10.906053,8.579787,10.980043,12.153075,11.999893,9.275621,11.855153,12.943193,11.724723,9.288756,11.922745,13.509275,12.34058,10.169538,12.643217,13.112023,12.013759,9.776309,12.78536,13.743724,13.121047,9.596161,16.576516,16.698113,18.070607,14.406699,24.741019,23.153271,22.34054,17.21735,22.922063,20.384791,22.285619,17.560689,27.119209,25.095635,20.783001,13.790512,19.495187,12.594587,11.65467,9.722392,12.788348,11.32956,11.54566,10.606012,16.432389,15.991383,14.966525,12.734571,20.41409,17.333142,18.033086,15.496489,17.012824,16.327678,15.221352,10.884309,16.637502,15.08757,13.757081,10.73416,16.216989,15.407696,13.974091,14.078557,19.316048,18.245362,18.930174,18.121914,18.991057,15.448757,18.124569,16.477276,18.84399,15.255471,14.291458,13.551168,17.052118,15.374404,14.363777,12.423701,15.155794,15.794109,15.344007,11.907521,15.188256,,13.25807,9.668434,20.376281,23.50274,21.55686,24.236064,16.233536,15.629271,12.814366,15.157916,8.321352
收益质量,销售成本率,25.074484,23.172184,22.257618,22.9452,22.940895,22.638865,21.573584,24.206369,24.140771,23.223027,21.605352,24.575854,24.027279,23.080439,21.591901,24.647352,24.741407,25.044931,23.568072,25.840348,25.469286,25.460733,23.468406,25.544181,26.190436,26.185364,24.21734,26.197185,26.529102,27.162755,26.807053,27.992674,28.893544,28.349612,29.465597,29.800823,29.871615,29.995939,30.158241,30.804168,30.77188,30.104219,30.522508,27.470821,25.138316,24.499381,25.030383,26.742671,27.85921,28.200591,23.433741,29.468441,30.651498,34.899579,30.611896,33.883095,33.988678,33.87838,34.239536,31.292037,33.665532,32.61285,30.132649,34.689401,37.746361,38.00101,32.554712,45.607481,45.521255,41.544828,39.23542,46.093386,44.545566,39.744773,41.874334,47.203727,46.398525,43.323379,41.343187,50.002679,49.004949,48.348716,48.207128,51.119748,52.683982,53.412462,54.934703,55.036524,54.453681,55.605635,55.532448,56.085767,54.423533,55.92005,58.278677,55.754422,,55.728676,61.909672,48.835739,43.232609,47.64921,48.61689,52.807518,49.287127,51.820033,43.131363,42.815455
收益质量,经营活动净现金/归属母公司的净利润,1.313147,1.597415,1.066522,1.065506,1.195073,0.704625,0.036752,1.381717,0.980546,0.665023,0.760289,0.915343,0.539561,0.12498,-0.314244,1.14535,0.888642,0.659639,0.590487,0.73658,0.271113,0.107608,-0.155989,1.328114,1.290808,0.896115,1.224159,0.920287,0.408331,0.083913,0.482402,1.009557,0.874856,0.636566,0.513096,1.724033,2.070523,1.109197,0.261621,1.083377,1.24044,0.945136,0.878054,0.136174,-0.160154,-0.456496,-0.840629,0.182985,0.044198,0.258638,0.313414,0.880702,0.839315,0.782283,0.551336,1.548205,1.405487,1.608821,1.136209,1.752559,1.410981,1.388193,1.404553,1.865784,2.10727,1.173775,0.973679,1.08944,1.16849,0.923627,1.162522,1.133856,1.578205,1.398067,1.418722,1.141996,1.170448,1.086591,1.443754,1.583015,1.050713,1.212237,0.995058,0.992386,1.247259,1.254234,2.502112,1.486055,1.454574,0.831932,0.809344,1.717598,,1.426781,,1.322624,,0.5429,,1.685946,1.226509,1.384308,1.375943,0.648854,,,,
收益质量,所得税/利润总额,24.542293,24.640496,24.781113,24.839308,24.772563,24.871251,24.773668,24.794176,24.642934,24.838065,24.779285,24.614615,24.680112,24.686925,24.87673,24.477211,24.362248,24.252085,24.786622,24.441785,24.338411,24.19886,24.675545,24.382949,24.361387,24.296558,24.920481,24.551061,24.464058,24.266513,24.4722,24.684856,25.06327,25.821819,24.509798,24.424812,24.62089,24.353861,24.614811,22.648699,23.564862,23.733709,23.928951,24.422675,24.145563,24.967735,25.427679,26.005542,24.722167,24.67758,24.594895,24.769016,24.276811,24.62536,24.580387,24.771622,24.423859,24.449584,24.436977,24.845564,24.496438,24.643355,24.373501,24.72909,24.732701,24.929008,23.557473,23.735673,23.690252,23.5765,24.847308,32.389816,32.821222,32.909325,33.449053,33.957379,33.959268,33.80318,33.858454,33.188314,33.158991,36.197196,36.413787,34.724267,34.327893,34.096083,33.524982,35.26799,36.21922,39.088303,41.737355,28.776229,27.158859,25.328036,32.404989,12.514911,,27.229409,32.999999,23.719617,40.728779,38.557878,17.369945,32.017218,15.0,33.0,32.999999,33.0
财务风险,流动比率,4.588586,3.50275,3.856995,3.248964,4.768905,3.256525,4.952235,4.503309,5.006584,4.415644,4.761747,3.847009,4.878002,4.768818,5.053597,3.633364,4.761788,3.422366,4.832243,3.955172,5.04789,5.324085,4.54848,3.217181,3.874664,3.906076,3.859325,3.772013,4.598369,3.346613,3.690588,3.962899,4.198668,3.954945,3.849722,3.981954,3.866954,3.623654,3.965113,5.597333,7.546474,6.743062,6.935114,6.497968,6.627347,5.746007,5.278858,5.245533,4.648059,3.593653,3.509677,2.774742,2.85237,2.525032,2.58966,2.215839,2.363267,2.161891,2.281945,2.077081,2.413902,2.290963,2.309129,2.120602,2.151739,2.390733,5.842843,4.284058,4.278205,4.857839,4.108709,3.337199,2.73519,2.825717,2.677485,2.470348,2.293886,2.246245,2.050923,1.847917,1.82511,1.635804,1.574293,1.336985,1.423985,1.327525,1.314563,1.197296,1.324232,1.731605,1.594865,1.429715,1.853582,1.866822,1.835239,1.594057,1.434664,1.455979,3.315103,2.117371,1.985965,1.719386,2.673247,1.895568,2.632682,1.182036,1.04037,1.354437
财务风险,速动比率,4.078282,3.13819,3.482534,2.891626,4.213746,2.924905,4.450131,3.971296,4.425297,3.887276,4.231327,3.400112,4.270469,4.179726,4.48907,3.216443,4.148651,3.017352,4.270904,3.444012,4.307467,4.494304,3.957137,2.761719,3.300449,3.310001,3.339789,3.2024,3.826123,2.822168,3.151345,3.301716,3.487774,3.28494,3.251012,3.305635,3.173103,2.973716,3.298566,4.505306,5.956015,5.29167,5.532617,5.132303,5.271215,4.611065,4.334733,4.267829,3.762452,2.937641,2.904961,2.28597,2.331747,2.052388,2.123146,1.802957,1.92317,1.747014,1.845471,1.638256,1.853902,1.710159,1.74223,1.565527,1.53047,1.526104,4.576881,3.266196,3.295228,3.639403,3.152219,2.407736,2.087921,2.09378,2.026501,1.729835,1.618451,1.482927,1.413076,1.196657,1.190545,1.07386,0.896436,0.717683,0.859377,0.796651,0.889174,0.708337,0.868454,1.17207,1.106934,0.929641,1.068656,1.312525,1.284834,0.927402,1.434664,0.98542,2.774353,1.416067,1.4993,1.296436,2.077787,1.33035,1.804737,0.350213,0.115587,0.206369
财务风险,保守速动比率,3.968335,3.048398,3.050052,2.497654,3.965889,2.535377,3.576356,3.533899,3.657175,3.043414,3.346812,2.587143,4.252121,4.1306,4.363384,3.161008,4.085507,2.906705,4.103939,3.354832,4.123481,4.285928,3.646826,2.597551,3.208406,3.23325,3.280232,3.149633,3.722097,2.756981,3.089561,3.249591,3.410664,3.208905,3.181315,3.240289,3.106105,2.907215,3.234634,4.411166,5.839239,5.189848,5.446786,5.042156,5.097721,4.518625,4.271812,4.183743,3.650752,2.868032,2.851993,2.234563,2.263484,1.998999,2.073323,1.758719,1.884469,1.711101,1.809313,1.596481,1.816495,1.646023,1.673094,1.518609,1.485376,1.477309,4.520968,3.205319,3.272825,3.582106,3.129685,2.367365,2.065534,2.063841,2.00927,1.704395,1.596509,1.454429,1.371344,1.14364,1.170636,1.053873,0.888019,0.70735,0.853329,0.789757,0.879058,0.698037,0.857746,1.156108,1.080266,0.897719,1.021529,1.245643,1.210407,0.840583,,0.943338,2.382575,1.316945,0.713752,0.758279,1.82797,1.117643,1.367351,0.235278,0.082769,0.102213
财务风险,资产负债率,19.259003,25.481036,23.344461,27.54678,18.986391,27.924754,18.617629,19.998193,17.893811,20.440828,19.092019,23.593361,18.559318,19.053398,18.183773,25.238698,19.623694,27.168125,18.866154,22.946854,17.91076,17.092336,20.194127,28.479123,23.45533,23.161524,23.982689,24.362628,19.809288,27.207751,24.808694,22.909897,21.5335,22.744738,23.460064,22.466716,23.033166,24.394841,22.351309,15.60799,11.509695,12.775729,12.408272,13.091872,12.582896,14.568477,15.982512,16.112163,18.112672,23.442966,24.141925,30.336536,29.255764,32.564687,31.610135,36.468894,33.279247,36.053624,33.693823,35.947473,29.03491,29.709269,29.058645,30.066675,27.781733,22.420413,11.458385,15.118703,14.787176,12.432299,14.605571,16.811897,21.017578,19.643188,20.168778,19.730317,20.600538,19.959157,23.385584,23.175603,22.738245,24.574453,23.387319,25.23765,26.886806,27.362348,29.031839,27.071845,26.845426,21.911464,25.406275,26.710352,26.867181,25.796546,26.244425,29.689954,,30.497657,20.495074,30.639564,29.439469,38.235215,25.969105,35.655473,26.391996,66.032213,69.736505,70.198832
财务风险,权益乘数,1.339198,1.39416,1.372388,1.345611,1.267813,1.351365,1.266807,1.306498,1.289603,1.316706,1.301894,1.353093,1.309668,1.319773,1.308506,1.35037,1.298955,1.365922,1.29535,1.376841,1.33501,1.330613,1.355521,1.397111,1.345562,1.342804,1.348853,1.344077,1.302085,1.369125,1.348724,1.325524,1.312746,1.322846,1.330389,1.268958,1.272414,1.285707,1.267637,1.195702,1.166159,1.174241,1.172867,1.198818,1.196016,1.20805,1.222479,1.329043,1.342757,1.387816,1.391401,1.513615,1.511964,1.551716,1.538315,1.59093,1.554338,1.589364,1.557602,1.529603,1.45242,1.458766,1.450633,1.33874,1.303183,1.245364,1.160179,1.196598,1.194069,1.177342,1.192028,1.228755,1.262146,1.250486,1.254874,1.277466,1.284589,1.279614,1.308487,1.323121,1.318988,1.335727,1.325195,1.357511,1.373015,1.377675,1.39428,1.371776,1.369542,1.324658,1.356058,1.394848,1.397174,1.387809,1.391268,1.432157,1.499713,1.4411,1.337783,1.518924,1.509905,1.591672,1.443895,1.806917,1.634176,3.089211,3.327906,3.355573
财务风险,权益乘数(含少数股权的净资产),1.238528,1.34194,1.304537,1.3802,1.23436,1.387438,1.228767,1.249971,1.217934,1.256926,1.235972,1.308786,1.227887,1.235382,1.222251,1.33759,1.244147,1.373025,1.232531,1.297805,1.218186,1.206161,1.25304,1.398193,1.306426,1.301431,1.315489,1.322097,1.247027,1.373772,1.329941,1.297183,1.274429,1.29441,1.306507,1.289768,1.29926,1.322661,1.287851,1.184946,1.130067,1.146469,1.14166,1.15064,1.14394,1.170528,1.190228,1.192067,1.22119,1.306215,1.318251,1.435472,1.413542,1.482902,1.462204,1.574032,1.498784,1.56381,1.508155,1.561218,1.409143,1.422662,1.409615,1.429933,1.384691,1.288998,1.129412,1.178115,1.173532,1.141973,1.171036,1.202094,1.266104,1.244449,1.252642,1.2458,1.259454,1.249362,1.305237,1.301669,1.294301,1.32581,1.305266,1.337571,1.367742,1.376696,1.409082,1.371212,1.366968,1.280597,1.340595,1.364449,1.367375,1.347646,1.355829,1.422271,1.536976,1.4388,1.257783,1.441744,1.417222,1.619045,1.350787,1.554133,1.358547,2.943965,3.304311,3.355573
财务风险,产权比率,24.472967,35.083645,31.197294,38.90709,23.907265,39.801156,23.415418,25.535703,22.23218,26.445511,24.198181,31.598789,23.290771,24.239768,22.802559,34.550769,24.949203,38.079778,23.867722,30.493665,22.301006,21.059909,25.971127,40.786968,31.334903,30.806455,32.191731,33.037845,25.302416,38.248735,33.890013,30.465137,28.10871,30.134976,31.422145,29.671872,30.619765,33.110431,29.483388,18.928407,13.304509,14.967646,14.504886,15.408906,14.731957,17.394066,19.535393,19.69991,22.56649,31.14639,32.274975,44.056689,42.26563,49.251547,47.005047,58.215058,50.904629,57.471978,51.682949,56.943704,41.974193,43.292148,41.8942,43.913267,38.951871,29.105987,13.027741,17.930331,17.46457,14.287847,17.18319,20.329573,26.725654,24.548253,25.374306,24.693023,26.052115,25.039197,30.641342,30.280685,29.529975,32.690957,30.630476,33.860364,36.870278,37.770969,41.009284,37.219231,36.795766,28.13401,34.156996,36.548233,36.866569,34.913334,35.676102,42.303598,,43.90978,25.795849,44.210497,41.72229,61.904556,35.078739,55.413375,35.854792,194.39657,230.431112,235.557321
财务风险,现金比率,3.965476,3.047006,3.045588,2.49672,3.960773,2.53365,3.570861,3.532595,3.650816,3.03786,3.338931,2.582791,3.221165,3.089807,3.202581,2.449337,3.30664,2.344785,3.271803,2.635717,3.257369,3.507548,2.942899,2.105532,2.625945,2.477368,2.551679,2.364327,2.744469,1.963134,2.199032,2.542067,2.653999,2.39819,2.33014,2.532598,2.473357,2.123874,2.016931,3.310172,4.729636,3.898799,4.115047,3.777608,3.748243,3.109347,3.038192,3.658233,3.114454,2.452076,2.581297,2.038819,2.114945,1.80383,1.871818,1.608504,1.724757,1.564434,1.554951,1.37585,1.604234,1.443443,1.444164,1.208109,1.251167,1.303535,4.314645,2.90788,3.000169,3.344721,2.877062,2.094201,1.86777,1.89168,1.674685,1.372457,1.266995,1.24008,1.141419,0.88688,0.727204,0.634023,0.579361,0.398441,0.623274,0.55612,0.725568,0.450466,0.592843,0.977081,0.815717,0.699822,0.857256,1.079186,1.028425,0.786398,,0.823916,2.259376,1.238752,0.506051,0.624498,1.697467,1.076289,1.358693,0.232847,0.070836,0.09536
营运能力,应收账款周转率,898.70839,1037.801922,325.806156,2229.546021,715.635783,799.078084,332.988907,2126.066281,709.393892,796.501477,501.681147,1481.149326,582.285298,440.505896,227.254883,1252.9,629.724829,418.361377,261.645908,651.576096,259.459367,202.203753,123.817253,382.900975,239.286786,186.340747,77.861681,337.948869,217.310286,148.61898,105.811717,277.870492,195.342484,136.162638,77.767931,228.680445,150.865365,114.630735,69.765609,188.422913,124.068668,84.548019,39.887153,211.786948,146.566669,111.886728,78.984875,315.952265,183.590754,152.904463,79.545975,347.356844,196.395254,160.882203,98.616391,246.780326,158.934087,118.056286,55.514319,161.831342,115.865988,67.590197,43.010588,206.230037,71.684892,123.89175,143.314533,1326.216769,484.546761,395.412607,89.568387,1122.916581,182.1503,512.804705,87.511431,1515.709323,193.137093,958.580115,683.381303,2277.268581,211.096459,943.386795,99.151108,2591.07141,153.041488,1213.199363,373.964328,2247.110687,1491.157567,733.486,18.698969,1053.110716,690.885198,152.021882,32.180107,411.058704,,60.203934,74.80947,66.19893,26.140434,56.172945,84.488439,367.806156,487.089305,936.28705,458.211447,327.979869
营运能力,应收账款周转天数,0.300431,0.173443,0.276237,0.161467,0.377286,0.225259,0.270279,0.169326,0.380606,0.225988,0.179396,0.243054,0.46369,0.408621,0.396031,0.287333,0.428758,0.43025,0.343976,0.552506,1.040625,0.890191,0.726877,0.94019,1.128353,0.965972,1.155895,1.065249,1.242463,1.21115,0.850567,1.295567,1.382187,1.321948,1.157289,1.574249,1.789675,1.570259,1.290033,1.910595,2.176214,2.128967,2.256365,1.699821,1.842165,1.608769,1.139458,1.139412,1.470662,1.177205,1.131421,1.036398,1.374778,1.118831,0.912627,1.458787,1.698817,1.524696,1.621203,2.224538,2.330278,2.663108,2.092507,1.745623,3.766483,1.452881,0.627989,0.271448,0.557221,0.45522,1.004818,0.320593,1.482292,0.35101,1.028437,0.237512,1.39797,0.187777,0.131698,0.158084,1.279036,0.190801,0.907705,0.138938,1.764227,0.148368,0.240664,0.160205,0.181067,0.245403,4.813099,0.341844,0.390802,1.18404,2.796758,0.875787,1.106392,2.989837,1.203056,5.438154,6.885883,6.408779,2.130468,0.978776,0.369542,0.384497,0.785663,1.097628
营运能力,存货周转率,0.854337,0.679731,0.466251,1.148822,0.892245,0.669851,0.446317,1.208154,0.955254,0.658872,0.419877,1.212067,0.92505,0.670597,0.426982,1.198001,0.918261,0.695519,0.444102,1.100938,0.809257,0.583506,0.363726,1.005081,0.805064,0.597449,0.364738,0.938277,0.705589,0.531575,0.353748,0.85289,0.662482,0.469,0.321495,0.814585,0.582807,0.440407,0.301932,0.794643,0.560235,0.406816,0.251551,0.770781,0.525476,0.402367,0.240913,0.974583,0.781295,0.645025,0.302708,1.312275,1.089869,0.904214,0.448156,1.372046,1.134656,0.767791,0.471686,1.217071,1.031375,0.660139,0.374393,1.390283,1.134885,0.766338,0.522357,1.863642,1.609396,1.033132,0.682785,2.038679,1.715422,1.089373,0.842129,2.35777,1.922808,1.287711,0.754397,2.272265,1.771434,1.369234,0.843386,2.6088,1.98758,1.571864,1.219748,3.398457,2.606113,2.055468,1.336644,2.82305,1.746168,1.724532,1.163736,2.318345,,1.681899,1.59729,2.409154,1.910441,2.664243,1.868299,2.557208,1.025883,1.992889,1.125205,0.838283
营运能力,存货周转天数,316.034442,264.810456,193.028906,313.36422,302.607204,268.716225,201.650393,297.975238,282.647287,273.193988,214.348126,297.013088,291.875961,268.417272,210.781656,300.500512,294.033923,258.799392,202.656122,326.993882,333.639128,308.479856,247.438561,358.180082,335.376847,301.280665,246.752202,383.681752,382.658489,338.616345,254.417819,422.093954,407.557791,383.795082,279.941328,441.942593,463.275026,408.712827,298.079557,453.033247,481.940396,442.459954,357.779234,467.058163,513.818963,447.352058,373.577655,369.3885,345.579679,279.058868,297.316155,274.332624,247.736195,199.067824,200.822482,262.381823,237.957507,234.438545,190.804586,295.79192,261.786303,272.669733,240.388544,258.940082,237.909381,234.883032,172.295667,193.170146,167.764759,174.22739,131.81306,176.584893,157.395604,165.232544,106.871868,152.68662,140.41961,139.782841,119.30049,158.432199,152.418858,131.460321,106.712667,137.994449,135.843584,114.513703,73.785694,105.930398,103.60255,87.571266,67.332797,127.521632,154.62421,104.376108,77.337117,155.283159,,107.02184,56.345414,149.429995,94.219069,135.122808,96.344308,140.778521,175.458538,180.642198,319.941639,429.449052
营运能力,总资产周转率,0.330035,0.276528,0.191285,0.504262,0.402895,0.288249,0.201321,0.52332,0.410592,0.29999,0.198822,0.513073,0.412716,0.310016,0.201504,0.530704,0.42834,0.308205,0.207801,0.520414,0.4118,0.306471,0.191063,0.520731,0.414887,0.311763,0.195442,0.509883,0.397837,0.283062,0.1846,0.453605,0.342709,0.246764,0.15624,0.427886,0.313568,0.235635,0.155474,0.437758,0.319644,0.239136,0.141687,0.464145,0.339427,0.262587,0.146967,0.55313,0.430052,0.343733,0.18912,0.6622,0.536364,0.393084,0.217258,0.62064,0.504885,0.346958,0.209236,0.627644,0.503853,0.343649,0.20581,0.648074,0.49551,0.354799,0.239615,0.632922,0.531593,0.382176,0.256817,0.668913,0.540768,0.396274,0.277679,0.740872,0.599938,0.450482,0.273577,0.697375,0.54227,0.415703,0.275281,0.738162,0.53698,0.408764,0.283446,0.816359,0.607612,0.470385,0.307923,0.818711,0.64924,0.512091,0.337773,0.84053,0.637715,0.516528,0.402903,0.928809,0.670872,0.994136,0.683065,1.443939,0.656362,2.171157,1.603693,1.20674
营运能力,总资产周转天数,818.093346,650.927484,470.500528,713.91319,670.148151,624.458178,447.046874,687.914752,657.586183,600.018549,452.665472,701.654062,654.202618,580.614296,446.64092,678.343954,630.340007,584.02504,433.105107,691.756579,655.657996,587.33126,471.048398,691.335441,650.77811,577.360343,460.492759,706.043136,678.669361,635.902828,487.540609,793.64098,787.838829,729.441556,576.036705,841.344602,861.055946,763.8908,578.87415,822.371978,844.688414,752.70776,635.200144,775.618764,795.4579,685.486097,612.380711,650.841564,627.830966,523.660887,475.888176,543.641809,503.388875,457.916284,414.252891,580.046025,534.774194,518.794752,430.134796,573.572744,535.870559,523.788876,437.294551,555.491914,544.89223,507.328555,375.602224,568.790349,507.907046,470.987115,350.443097,538.185839,499.289263,454.230294,324.1151,485.913481,450.045868,399.57184,328.974554,516.220951,497.906471,433.000682,326.93767,487.697327,502.811401,440.350895,317.519942,440.982049,444.362446,382.664459,292.280466,439.715326,415.870468,351.499741,266.450425,428.301135,423.386449,348.480254,223.378359,387.592919,268.307478,362.123181,263.51781,249.317859,274.238737,165.810189,224.481793,298.324361
营运能力,流动资产周转率,0.376778,0.313844,0.216502,0.569872,0.456082,0.324022,0.226323,0.584882,0.459553,0.334481,0.221009,0.569639,0.460483,0.34584,0.223887,0.589853,0.478762,0.343105,0.230859,0.576141,0.457613,0.339723,0.2105,0.57364,0.459726,0.346369,0.214507,0.566238,0.445261,0.315934,0.205618,0.512577,0.388797,0.280614,0.177112,0.495324,0.364097,0.27399,0.180632,0.521298,0.383181,0.287486,0.169844,0.557021,0.408642,0.315268,0.175643,0.660354,0.513833,0.410203,0.225016,0.804342,0.655232,0.48392,0.268114,0.796768,0.659318,0.455058,0.276533,0.896976,0.750332,0.520774,0.314416,1.010623,0.801056,0.605379,0.363638,1.04208,0.887729,0.655575,0.442065,1.272889,1.013863,0.759046,0.540383,1.616344,1.331425,1.028659,0.602049,1.814222,1.437257,1.12186,0.780537,2.232668,1.516733,1.189044,0.801148,2.339949,1.66146,1.243937,0.786925,1.945507,1.351397,1.102363,0.716054,1.564624,1.153992,0.988004,0.617602,1.438999,1.085794,1.499065,0.996918,2.069308,0.921797,2.998933,2.268143,1.66014
营运能力,流动资产周转天数,716.601644,573.532679,415.699371,631.720699,591.998515,555.517567,397.660867,615.508333,587.527081,538.146766,407.22266,631.979025,586.339678,520.470391,401.987898,610.32153,563.953463,524.619678,389.847413,624.846058,590.017475,529.842464,427.552192,627.570572,587.305651,519.675675,419.565604,635.774577,606.385505,569.738084,437.704804,702.332713,694.448183,641.448443,508.150208,726.796851,741.559124,656.958207,498.248929,690.583597,704.626702,626.116881,529.896636,646.294631,660.725011,570.942408,512.401922,545.16137,525.461599,438.80712,399.971307,447.570489,412.067247,371.962264,335.677128,451.825332,409.513827,395.553642,325.45738,401.348244,359.840631,345.638916,286.244377,356.215815,337.055031,297.334123,247.498316,345.462774,304.14668,274.567995,203.589867,282.821093,266.308063,237.139756,166.548268,222.724785,202.790137,174.984945,149.489359,198.432098,187.857744,160.447724,115.305188,161.242054,178.014172,151.382014,112.338759,153.849493,162.507637,144.701808,114.369176,185.041664,199.793222,163.285544,125.688774,230.087196,233.970387,182.185432,145.724807,250.173824,165.777187,240.149638,180.556449,173.971144,195.270606,120.04268,158.720114,216.849155
营运能力,应付账款周转率,1.643282,1.24665,0.733833,2.375287,1.714918,1.226474,0.721215,2.676967,2.005789,1.437958,0.924348,3.184732,2.20493,1.650801,0.988999,3.893631,3.019535,2.376848,1.40118,4.325129,3.219887,2.401019,1.047771,4.582311,3.033972,2.222903,,3.72779,,1.855414,1.052966,3.673063,2.446506,1.684464,1.189571,4.874244,4.650777,3.472746,2.198258,8.539691,6.655898,4.675892,2.469131,11.336727,6.691698,4.187742,2.485996,10.370292,6.670423,6.995658,2.917761,18.981935,25.371059,19.649532,10.810782,40.605563,27.64836,20.885694,9.02773,29.916368,17.555785,8.745125,5.068383,37.96158,17.10661,11.300089,7.8015,113.735883,21.095458,51.965083,34.088518,110.362202,90.103522,57.385469,11.752285,69.948382,32.624833,26.10247,23.109553,65.008852,84.247397,15.050586,34.488032,81.862286,12.397604,8.037156,4.307443,22.342921,10.53621,8.466609,4.288724,11.040269,11.037167,6.532227,3.886363,23.256683,,23.599112,73.6885,82.286975,38.758728,72.736649,245.671592,613.022254,4830.120809,356.043428,65.48289,67.87464
