信号等级,代码,名称,类型,收盘价,涨跌幅%,量比,K线形态,MACD,背离前价,背离近价,背离前MACD,背离近MACD,背离间距日
A-双重共振,002728.SZ,002728.SZ,个股,9.16,4.09,3.55,三外部上涨,-0.0977,8.03,7.97,-0.4688,-0.4127,4
A-双重共振,920753.BJ,920753.BJ,个股,19.12,4.48,3.23,看涨吞没,0.0414,15.25,14.8,-0.8016,-0.7087,5
A-双重共振,002370.SZ,002370.SZ,个股,5.47,1.86,2.08,三外部上涨,-0.2207,5.19,4.88,-0.3369,-0.2853,10
A-双重共振,002726.SZ,002726.SZ,个股,1.18,-4.84,2.03,倒锤子线,-0.2022,1.43,1.18,-0.2727,-0.2022,12
A-双重共振,688068.SH,688068.SH,个股,86.58,1.99,2.0,三外部上涨,-3.0364,78.95,75.1,-7.1829,-4.5593,10
A-双重共振,002296.SZ,002296.SZ,个股,8.84,2.67,1.94,看涨吞没,-0.4525,9.27,8.61,-0.4759,-0.4516,11
A-双重共振,511850.SH,511850.SH,ETF/基金,100.0,0.0,1.85,"锤子线,蜻蜓十字",-0.0011,100.0,100.0,-0.0014,0.0004,50
A-双重共振,600835.SH,600835.SH,个股,22.42,0.09,1.67,三外部上涨,-0.632,21.26,19.8,-1.4809,-0.9092,53
A-双重共振,516600.SH,516600.SH,ETF/基金,0.59,0.0,1.59,蜻蜓十字,-0.0058,0.58,0.57,-0.0091,-0.0082,14
A-双重共振,600882.SH,600882.SH,个股,18.44,5.43,1.56,看涨吞没,-0.2629,17.55,17.49,-1.0656,-0.2766,50
A-双重共振,601226.SH,601226.SH,个股,6.36,-2.9,1.52,倒锤子线,-0.4327,6.85,6.36,-0.5249,-0.4327,12
A-双重共振,688687.SH,688687.SH,个股,16.24,1.5,1.5,三外部上涨,-0.5801,15.95,15.01,-0.9158,-0.6993,10
A-双重共振,920061.BJ,920061.BJ,个股,24.36,3.7,1.47,三外部上涨,-0.3195,21.81,21.28,-1.7983,-0.6742,45
A-双重共振,601108.SH,601108.SH,个股,8.02,6.65,1.45,看涨吞没,-0.0883,7.6,7.33,-0.2713,-0.2124,51
A-双重共振,920039.BJ,920039.BJ,个股,8.21,2.11,1.45,看涨孕线,-0.2543,7.97,7.77,-0.3802,-0.3519,8
A-双重共振,159208.SZ,159208.SZ,ETF/基金,1.16,3.57,1.38,看涨吞没,-0.0316,1.14,1.12,-0.0507,-0.0344,12
A-双重共振,603599.SH,603599.SH,个股,11.01,5.87,1.35,看涨吞没,-0.4548,11.09,10.4,-0.769,-0.5002,15
A-双重共振,003010.SZ,003010.SZ,个股,24.34,3.31,1.33,三外部上涨,-0.9533,23.14,21.94,-1.5429,-1.2038,13
A-双重共振,688636.SH,688636.SH,个股,36.2,7.32,1.33,看涨吞没,-1.215,34.94,33.73,-2.1088,-1.3507,11
A-双重共振,003038.SZ,003038.SZ,个股,12.22,2.17,1.3,看涨吞没,-0.4097,12.02,11.96,-0.633,-0.4237,10
A-双重共振,159837.SZ,159837.SZ,ETF/基金,0.46,0.0,1.3,蜻蜓十字,-0.0018,0.42,0.42,-0.0146,-0.0138,6
A-双重共振,300479.SZ,300479.SZ,个股,13.55,3.51,1.3,"看涨吞没,早晨之星",-0.6548,13.9,13.09,-0.868,-0.6662,11
A-双重共振,301355.SZ,301355.SZ,个股,9.8,4.03,1.3,三内部上涨,-0.5365,10.33,9.37,-0.5614,-0.5466,10
A-双重共振,605056.SH,605056.SH,个股,16.02,3.76,1.28,看涨吞没,-1.6777,17.98,15.44,-1.7311,-1.6941,10
A-双重共振,920160.BJ,920160.BJ,个股,21.39,2.0,1.28,看涨吞没,-0.4057,20.45,20.02,-0.6621,-0.6282,5
A-双重共振,002155.SZ,002155.SZ,个股,27.98,4.95,1.27,三外部上涨,-0.0944,23.98,22.68,-1.406,-1.3181,8
A-双重共振,002796.SZ,002796.SZ,个股,40.97,8.44,1.26,"看涨吞没,早晨之星",-2.5854,38.93,37.78,-3.2817,-2.8297,10
A-双重共振,159209.SZ,159209.SZ,ETF/基金,1.07,-0.93,1.26,蜻蜓十字,-0.0214,1.1,1.07,-0.021,-0.021,13
A-双重共振,601601.SH,601601.SH,个股,31.65,5.57,1.26,曙光初现,-0.8329,31.02,29.98,-1.4774,-0.8703,10
A-双重共振,000893.SZ,000893.SZ,个股,43.42,6.14,1.25,看涨吞没,-1.9955,44.19,40.91,-2.6391,-2.0137,14
A-双重共振,002512.SZ,002512.SZ,个股,3.07,-2.85,1.25,倒锤子线,-0.3325,3.62,3.07,-0.4427,-0.3325,56
A-双重共振,301153.SZ,301153.SZ,个股,16.31,1.94,1.25,看涨吞没,-0.9155,17.1,16.0,-1.0564,-0.8944,11
A-双重共振,300021.SZ,300021.SZ,个股,3.97,-0.75,1.24,蜻蜓十字,-0.0588,3.74,3.68,-0.1492,-0.1492,5
A-双重共振,601995.SH,601995.SH,个股,34.96,4.67,1.24,看涨吞没,0.0203,32.0,31.73,-0.6102,-0.4555,44
A-双重共振,300068.SZ,300068.SZ,个股,4.54,9.4,1.23,"看涨吞没,早晨之星",-0.7296,4.38,3.71,-1.8551,-1.1175,11
A-双重共振,002100.SZ,002100.SZ,个股,6.34,1.77,1.22,三外部上涨,-0.2177,6.13,5.83,-0.341,-0.2899,12
A-双重共振,603088.SH,603088.SH,个股,10.05,5.79,1.22,早晨之星,-0.36,9.65,9.5,-0.6454,-0.3864,10
A-双重共振,515460.SH,515460.SH,ETF/基金,0.85,0.0,1.21,蜻蜓十字,-0.0169,0.87,0.85,-0.0164,-0.0161,12
A-双重共振,600958.SH,600958.SH,个股,9.54,3.58,1.19,看涨吞没,-0.0163,8.86,8.81,-0.2902,-0.1369,42
A-双重共振,603887.SH,603887.SH,个股,9.34,1.19,1.19,看涨孕线,-1.0183,10.46,9.23,-1.163,-1.0083,11
A-双重共振,300911.SZ,300911.SZ,个股,21.3,4.67,1.18,看涨吞没,-1.8919,21.72,20.35,-2.8838,-1.9372,11
A-双重共振,300338.SZ,300338.SZ,个股,2.68,1.13,1.17,看涨孕线,-0.159,3.06,2.53,-0.1408,-0.1302,20
A-双重共振,600425.SH,600425.SH,个股,3.26,0.93,1.17,看涨孕线,-0.1192,3.43,3.23,-0.1246,-0.1154,11
A-双重共振,000669.SZ,000669.SZ,个股,3.58,3.77,1.16,曙光初现,-0.1742,4.0,3.45,-0.1706,-0.1634,32
A-双重共振,300940.SZ,300940.SZ,个股,15.09,3.5,1.16,看涨吞没,-1.1156,15.85,14.58,-1.3302,-1.1475,11
A-双重共振,511700.SH,511700.SH,ETF/基金,100.0,0.0,1.16,看涨孕线,-0.0016,100.0,100.0,0.0001,0.0002,44
A-双重共振,601238.SH,601238.SH,个股,5.46,-1.27,1.16,锤子线,-0.2697,6.07,5.46,-0.2698,-0.2697,16
A-双重共振,300683.SZ,300683.SZ,个股,24.99,0.6,1.15,三外部上涨,-1.6504,24.29,23.33,-2.7581,-1.9617,10
A-双重共振,300813.SZ,300813.SZ,个股,19.09,0.16,1.15,三外部上涨,-1.1157,19.59,18.35,-1.4449,-1.2146,10
A-双重共振,159640.SZ,159640.SZ,ETF/基金,1.0,1.01,1.14,蜻蜓十字,-0.0124,0.98,0.98,-0.0158,-0.0113,13
A-双重共振,600420.SH,600420.SH,个股,8.21,0.12,1.14,"锤子线,看涨孕线,蜻蜓十字",-0.2499,8.8,8.2,-0.2583,-0.2358,18
A-双重共振,603197.SH,603197.SH,个股,27.92,3.48,1.14,早晨之星,-1.2267,28.0,26.98,-1.3784,-1.2749,11
A-双重共振,688318.SH,688318.SH,个股,78.66,7.77,1.14,看涨吞没,-2.2746,72.34,64.4,-4.4451,-2.4806,45
A-双重共振,300183.SZ,300183.SZ,个股,10.47,4.18,1.13,早晨之星,-0.6424,10.74,10.05,-0.738,-0.6665,10
A-双重共振,600501.SH,600501.SH,个股,15.76,3.62,1.12,看涨吞没,-1.3429,17.25,15.21,-1.4127,-1.3848,11
A-双重共振,300306.SZ,300306.SZ,个股,9.72,1.67,1.11,看涨吞没,-0.4694,10.29,9.56,-0.4847,-0.4727,11
A-双重共振,688007.SH,688007.SH,个股,13.34,5.71,1.11,三外部上涨,-0.4022,12.61,12.28,-0.5406,-0.4583,9
A-双重共振,688311.SH,688311.SH,个股,26.2,6.37,1.11,早晨之星,-1.6195,26.12,24.63,-2.3493,-1.7247,11
A-双重共振,920445.BJ,920445.BJ,个股,6.79,-2.58,1.11,锤子线,-0.5167,7.51,6.79,-0.5565,-0.5167,11
A-双重共振,002048.SZ,002048.SZ,个股,22.91,4.23,1.1,看涨孕线,-1.2142,24.58,21.98,-1.328,-1.1269,56
A-双重共振,002389.SZ,002389.SZ,个股,17.75,4.35,1.08,早晨之星,-0.7625,18.17,17.01,-0.9159,-0.7882,11
A-双重共振,301518.SZ,301518.SZ,个股,29.5,3.73,1.08,"看涨吞没,早晨之星",-1.7371,29.88,28.44,-2.2338,-1.8262,10
A-双重共振,002919.SZ,002919.SZ,个股,19.09,3.86,1.07,看涨吞没,-0.9562,19.26,18.38,-1.251,-0.9618,56
A-双重共振,159227.SZ,159227.SZ,ETF/基金,1.12,3.7,1.07,看涨吞没,-0.0322,1.1,1.08,-0.0512,-0.0352,12
A-双重共振,159267.SZ,159267.SZ,ETF/基金,0.95,3.26,1.07,看涨吞没,-0.0282,0.94,0.92,-0.0436,-0.0305,12
A-双重共振,159849.SZ,159849.SZ,ETF/基金,0.47,0.0,1.07,蜻蜓十字,-0.0025,0.43,0.43,-0.0154,-0.0144,6
A-双重共振,300991.SZ,300991.SZ,个股,35.06,6.73,1.07,早晨之星,-2.3353,36.08,32.85,-2.8962,-2.4111,14
A-双重共振,301378.SZ,301378.SZ,个股,24.03,1.65,1.07,看涨吞没,-1.7904,25.96,23.64,-1.7612,-1.7521,11
A-双重共振,600298.SH,600298.SH,个股,34.97,4.39,1.07,看涨吞没,-0.6014,34.11,33.5,-0.8215,-0.6518,10
A-双重共振,920523.BJ,920523.BJ,个股,17.99,-0.55,1.07,锤子线,-0.8447,18.01,17.99,-1.2338,-0.8447,11
A-双重共振,001373.SZ,001373.SZ,个股,30.15,2.8,1.05,看涨孕线,-1.6898,32.85,29.33,-1.8927,-1.5379,56
A-双重共振,301398.SZ,301398.SZ,个股,35.28,4.26,1.05,看涨吞没,-2.2011,36.25,33.84,-2.5307,-2.2541,11
A-双重共振,159257.SZ,159257.SZ,ETF/基金,0.97,4.3,1.04,看涨吞没,-0.0274,0.95,0.93,-0.0448,-0.0297,11
A-双重共振,300437.SZ,300437.SZ,个股,12.38,7.75,1.04,"看涨吞没,早晨之星",-0.7239,11.99,11.49,-1.0129,-0.8059,10
A-双重共振,300667.SZ,300667.SZ,个股,17.02,8.41,1.04,看涨吞没,-0.5449,15.86,15.7,-0.8513,-0.5318,58
A-双重共振,300841.SZ,300841.SZ,个股,47.37,1.0,1.04,蜻蜓十字,-1.2403,44.1,43.75,-3.1026,-1.6455,13
A-双重共振,600965.SH,600965.SH,个股,2.7,5.06,1.04,蜻蜓十字,-0.2992,3.01,2.57,-0.3349,-0.3123,9
A-双重共振,601658.SH,601658.SH,个股,4.9,0.82,1.04,锤子线,-0.0136,4.91,4.86,-0.0388,-0.0051,21
A-双重共振,603177.SH,603177.SH,个股,8.28,5.75,1.04,看涨吞没,-0.6027,9.2,7.83,-0.5805,-0.5603,9
A-双重共振,002050.SZ,002050.SZ,个股,43.73,5.96,1.03,早晨之星,-1.4659,41.77,41.27,-1.9888,-1.5576,55
A-双重共振,000020.SZ,000020.SZ,个股,10.92,1.49,1.02,看涨吞没,-0.6557,11.69,10.76,-0.7538,-0.6616,11
A-双重共振,603058.SH,603058.SH,个股,9.47,1.39,1.02,"锤子线,看涨孕线",-0.3795,9.44,9.34,-0.5583,-0.542,4
A-双重共振,688681.SH,688681.SH,个股,13.99,1.52,1.01,看涨吞没,-1.0811,15.18,13.78,-1.0963,-1.0895,11
A-双重共振,002548.SZ,002548.SZ,个股,3.69,1.93,1.0,三外部上涨,-0.2297,3.97,3.51,-0.282,-0.2454,15
A-双重共振,159241.SZ,159241.SZ,ETF/基金,1.15,4.55,1.0,看涨吞没,-0.0332,1.13,1.1,-0.0517,-0.0366,12
A-双重共振,300670.SZ,300670.SZ,个股,6.15,5.85,1.0,"看涨吞没,早晨之星",-0.2206,5.89,5.81,-0.2455,-0.228,50
A-双重共振,002045.SZ,002045.SZ,个股,7.86,1.29,0.99,看涨吞没,-0.5984,8.37,7.76,-0.7157,-0.6028,11
A-双重共振,300773.SZ,300773.SZ,个股,15.22,0.46,0.99,看涨吞没,-0.5088,15.31,15.15,-0.7829,-0.4418,11
A-双重共振,603566.SH,603566.SH,个股,10.08,1.92,0.99,三内部上涨,-0.305,9.95,9.78,-0.437,-0.3432,9
A-双重共振,000737.SZ,000737.SZ,个股,15.4,1.92,0.98,三外部上涨,0.1551,12.86,12.66,-0.8528,-0.2902,44
A-双重共振,516550.SH,516550.SH,ETF/基金,0.66,-1.49,0.98,蜻蜓十字,-0.0174,0.67,0.65,-0.0233,-0.0192,13
A-双重共振,600571.SH,600571.SH,个股,9.78,1.56,0.98,看涨吞没,-0.6052,10.23,9.59,-0.6423,-0.5787,10
A-双重共振,600818.SH,600818.SH,个股,5.87,2.62,0.98,三外部上涨,-0.2089,5.6,5.28,-0.3805,-0.3515,5
A-双重共振,300072.SZ,300072.SZ,个股,3.5,2.34,0.97,看涨吞没,-0.2261,3.81,3.42,-0.2348,-0.2288,14
A-双重共振,688039.SH,688039.SH,个股,37.39,5.44,0.97,早晨之星,-1.6469,39.2,35.46,-2.9341,-1.5283,56
A-双重共振,688552.SH,688552.SH,个股,28.18,3.72,0.97,看涨吞没,-1.8123,27.32,27.17,-3.2166,-1.9363,12
A-双重共振,300578.SZ,300578.SZ,个股,17.38,6.76,0.96,"看涨吞没,早晨之星",-0.7012,17.71,16.28,-0.7611,-0.6716,20
A-双重共振,600486.SH,600486.SH,个股,56.38,4.58,0.96,看涨吞没,-2.7029,56.5,53.81,-3.9563,-3.5764,10
A-双重共振,159255.SZ,159255.SZ,ETF/基金,0.96,4.35,0.95,早晨之星,-0.0277,0.94,0.92,-0.0457,-0.0299,11
A-双重共振,000524.SZ,000524.SZ,个股,8.95,1.02,0.94,看涨吞没,-0.2113,8.99,8.78,-0.3055,-0.3054,3
A-双重共振,600598.SH,600598.SH,个股,13.7,-0.58,0.94,锤子线,-0.3569,14.19,13.7,-0.3771,-0.3569,16
A-双重共振,600728.SH,600728.SH,个股,4.27,1.43,0.94,看涨吞没,-0.2282,4.55,4.21,-0.2363,-0.227,11
A-双重共振,603395.SH,603395.SH,个股,21.67,-0.91,0.94,锤子线,-1.1195,22.87,21.67,-1.2139,-1.1195,10
A-双重共振,003017.SZ,003017.SZ,个股,26.48,1.85,0.92,早晨之星,-1.0576,27.08,26.0,-1.1078,-1.1012,10
A-双重共振,603282.SH,603282.SH,个股,14.2,-1.59,0.92,倒锤子线,-0.7289,14.85,14.2,-1.0437,-0.7289,10
A-双重共振,920792.BJ,920792.BJ,个股,9.77,-2.5,0.92,锤子线,-0.2163,9.96,9.77,-0.2958,-0.2163,17
A-双重共振,920925.BJ,920925.BJ,个股,11.37,-1.56,0.92,锤子线,-0.8659,12.47,11.37,-0.9553,-0.8659,11
A-双重共振,000707.SZ,000707.SZ,个股,4.53,-0.44,0.91,锤子线,-0.2474,4.81,4.53,-0.2734,-0.2474,11
A-双重共振,002459.SZ,002459.SZ,个股,8.13,3.17,0.91,早晨之星,-0.4612,8.04,7.88,-0.6501,-0.4853,14
A-双重共振,002933.SZ,002933.SZ,个股,25.81,0.82,0.91,看涨孕线,-0.9899,27.4,25.6,-0.9854,-0.9108,20
A-双重共振,300447.SZ,300447.SZ,个股,14.9,4.34,0.91,看涨吞没,-0.727,15.3,14.28,-0.9621,-0.7377,12
A-双重共振,300690.SZ,300690.SZ,个股,22.31,1.09,0.91,看涨吞没,-1.0646,23.01,22.07,-1.4579,-1.0671,11
A-双重共振,301135.SZ,301135.SZ,个股,16.98,-1.39,0.91,锤子线,-0.7804,17.68,16.98,-0.7995,-0.7804,11
A-双重共振,562330.SH,562330.SH,ETF/基金,1.21,-0.82,0.91,蜻蜓十字,-0.0161,1.22,1.21,-0.0151,-0.0135,10
A-双重共振,159805.SZ,159805.SZ,ETF/基金,1.14,0.88,0.9,蜻蜓十字,-0.0454,1.15,1.12,-0.0547,-0.0474,10
A-双重共振,300784.SZ,300784.SZ,个股,42.19,0.02,0.89,看涨孕线,-1.2077,42.69,42.18,-2.0597,-1.0609,11
A-双重共振,603025.SH,603025.SH,个股,13.65,4.12,0.89,早晨之星,-0.5209,13.17,13.11,-0.8071,-0.5158,55
A-双重共振,688579.SH,688579.SH,个股,7.62,0.53,0.89,看涨吞没,-0.4884,8.26,7.58,-0.5,-0.4778,11
A-双重共振,920089.BJ,920089.BJ,个股,10.9,-0.46,0.89,锤子线,-0.5071,11.95,10.9,-0.5351,-0.5071,17
A-双重共振,001283.SZ,001283.SZ,个股,49.04,7.36,0.88,看涨吞没,-1.7803,46.94,45.68,-1.864,-1.8377,11
A-双重共振,002148.SZ,002148.SZ,个股,5.82,0.87,0.88,看涨吞没,-0.3294,6.17,5.77,-0.3766,-0.3247,11
A-双重共振,002827.SZ,002827.SZ,个股,24.11,2.12,0.88,看涨吞没,-1.3542,25.32,23.61,-1.4575,-1.3362,12
A-双重共振,300609.SZ,300609.SZ,个股,31.58,3.34,0.88,看涨孕线,-1.4418,31.62,30.56,-1.4686,-1.4308,11
A-双重共振,300701.SZ,300701.SZ,个股,9.53,2.92,0.88,"看涨吞没,早晨之星",-0.452,9.95,9.26,-0.4614,-0.4438,11
A-双重共振,300788.SZ,300788.SZ,个股,22.52,-1.87,0.88,倒锤子线,-1.6912,24.28,22.52,-2.0726,-1.6912,12
A-双重共振,603357.SH,603357.SH,个股,6.35,-1.24,0.88,锤子线,-0.2484,6.83,6.35,-0.2688,-0.2484,17
A-双重共振,688606.SH,688606.SH,个股,43.74,-1.53,0.88,锤子线,-2.0068,46.45,43.74,-2.8938,-2.0068,15
A-双重共振,300542.SZ,300542.SZ,个股,11.07,0.64,0.87,看涨吞没,-0.7756,11.85,11.0,-0.9213,-0.7606,11
A-双重共振,000936.SZ,000936.SZ,个股,5.28,0.96,0.86,看涨吞没,-0.4137,5.66,5.23,-0.4611,-0.4134,11
A-双重共振,159230.SZ,159230.SZ,ETF/基金,1.07,3.88,0.86,看涨吞没,-0.0299,1.05,1.03,-0.0491,-0.0322,11
A-双重共振,301117.SZ,301117.SZ,个股,23.26,3.56,0.86,看涨吞没,-1.5302,24.73,22.46,-1.6769,-1.5642,11
A-双重共振,688573.SH,688573.SH,个股,17.71,2.91,0.86,看涨吞没,-1.0258,18.07,17.2,-1.041,-0.9703,10
A-双重共振,920262.BJ,920262.BJ,个股,13.09,-1.21,0.86,锤子线,-0.6734,13.93,13.09,-0.6761,-0.6734,11
A-双重共振,920953.BJ,920953.BJ,个股,25.15,2.74,0.86,看涨吞没,-1.0442,25.0,24.48,-1.243,-1.0777,14
A-双重共振,002777.SZ,002777.SZ,个股,12.02,0.75,0.85,看涨吞没,-0.7723,13.13,11.93,-0.7744,-0.7629,11
A-双重共振,300899.SZ,300899.SZ,个股,27.5,-2.0,0.85,倒锤子线,-1.5712,29.82,27.5,-1.8342,-1.5712,10
A-双重共振,300350.SZ,300350.SZ,个股,3.96,1.02,0.84,看涨吞没,-0.2394,4.22,3.92,-0.2596,-0.2403,11
A-双重共振,300569.SZ,300569.SZ,个股,4.9,1.87,0.84,看涨吞没,-0.2914,5.16,4.81,-0.3057,-0.3029,9
A-双重共振,300589.SZ,300589.SZ,个股,11.82,1.63,0.84,"看涨吞没,早晨之星",-0.7254,12.61,11.63,-0.8568,-0.7256,11
A-双重共振,920694.BJ,920694.BJ,个股,14.89,-1.0,0.84,锤子线,-0.4698,15.15,14.89,-0.4879,-0.4698,17
A-双重共振,001914.SZ,001914.SZ,个股,8.69,-1.59,0.83,锤子线,-0.2722,9.52,8.69,-0.3403,-0.2722,48
A-双重共振,002195.SZ,002195.SZ,个股,6.53,1.56,0.83,看涨孕线,-0.3901,6.78,6.43,-0.4639,-0.3847,11
A-双重共振,002685.SZ,002685.SZ,个股,6.44,0.47,0.83,三外部上涨,-0.4161,6.54,6.15,-0.4684,-0.4303,10
A-双重共振,159392.SZ,159392.SZ,ETF/基金,1.05,3.96,0.83,看涨吞没,-0.0289,1.03,1.01,-0.0474,-0.0313,11
A-双重共振,300215.SZ,300215.SZ,个股,6.59,3.62,0.83,早晨之星,-0.4549,6.77,6.36,-0.5077,-0.4683,11
A-双重共振,300798.SZ,300798.SZ,个股,7.22,1.69,0.83,看涨吞没,-0.6192,7.51,7.1,-0.7479,-0.6448,10
A-双重共振,562700.SH,562700.SH,ETF/基金,1.33,3.1,0.83,看涨吞没,-0.0333,1.31,1.29,-0.0435,-0.0334,55
A-双重共振,601077.SH,601077.SH,个股,6.4,2.24,0.83,曙光初现,-0.0845,6.45,6.26,-0.1232,-0.0723,10
A-双重共振,688271.SH,688271.SH,个股,102.2,-1.24,0.83,"锤子线,蜻蜓十字",-2.3807,109.6,102.2,-3.4665,-2.3807,50
A-双重共振,920946.BJ,920946.BJ,个股,8.97,-1.86,0.83,锤子线,-0.1812,9.01,8.97,-0.1854,-0.1812,11
A-双重共振,000576.SZ,000576.SZ,个股,6.56,0.77,0.82,看涨孕线,-0.3961,7.06,6.51,-0.484,-0.3933,11
A-双重共振,001979.SZ,001979.SZ,个股,7.17,-1.1,0.82,"锤子线,蜻蜓十字",-0.3707,7.84,7.17,-0.4493,-0.3707,50
A-双重共振,300383.SZ,300383.SZ,个股,12.45,4.62,0.82,早晨之星,-0.6679,12.06,11.9,-1.115,-0.6968,11
A-双重共振,510150.SH,510150.SH,ETF/基金,0.47,0.0,0.82,蜻蜓十字,-0.008,0.46,0.45,-0.0122,-0.0106,12
A-双重共振,600016.SH,600016.SH,个股,3.48,0.0,0.82,看涨孕线,-0.0246,3.48,3.48,-0.0657,-0.0194,15
A-双重共振,605365.SH,605365.SH,个股,14.3,2.58,0.82,"看涨吞没,早晨之星",-1.5496,15.44,13.94,-2.1416,-1.6065,11
A-双重共振,002092.SZ,002092.SZ,个股,4.08,0.0,0.81,"锤子线,看涨孕线,蜻蜓十字",-0.3821,4.46,4.08,-0.4787,-0.3842,10
A-双重共振,511180.SH,511180.SH,ETF/基金,12.64,0.72,0.81,"看涨吞没,早晨之星",-0.0696,12.56,12.55,-0.1566,-0.069,57
A-双重共振,600756.SH,600756.SH,个股,12.26,1.66,0.81,看涨吞没,-0.7543,12.91,12.06,-0.835,-0.7483,11
A-双重共振,688077.SH,688077.SH,个股,26.47,4.21,0.81,看涨吞没,-0.5273,26.85,25.4,-0.787,-0.4079,14
A-双重共振,920230.BJ,920230.BJ,个股,9.92,-1.29,0.81,锤子线,-0.3723,10.2,9.92,-0.4221,-0.3723,11
A-双重共振,002648.SZ,002648.SZ,个股,22.42,3.56,0.8,看涨吞没,-0.8318,22.77,21.65,-1.0394,-0.8475,14
A-双重共振,159283.SZ,159283.SZ,ETF/基金,0.96,4.35,0.8,看涨吞没,-0.0347,0.96,0.92,-0.0439,-0.0378,11
A-双重共振,300971.SZ,300971.SZ,个股,18.63,0.65,0.8,看涨吞没,-0.9706,19.86,18.51,-0.9809,-0.9515,11
A-双重共振,301335.SZ,301335.SZ,个股,20.34,-1.74,0.8,锤子线,-0.8325,21.27,20.34,-0.8727,-0.8325,11
A-双重共振,600595.SH,600595.SH,个股,6.3,3.96,0.8,看涨吞没,-0.3109,6.8,6.06,-0.4555,-0.3092,56
A-双重共振,920627.BJ,920627.BJ,个股,16.58,-1.31,0.8,锤子线,-0.6275,17.25,16.58,-0.733,-0.6275,11
A-双重共振,000156.SZ,000156.SZ,个股,6.33,-1.56,0.79,倒锤子线,-0.1686,6.33,6.33,-0.2596,-0.1686,12
A-双重共振,000506.SZ,000506.SZ,个股,11.7,-1.76,0.79,"锤子线,蜻蜓十字",-0.6963,12.48,11.7,-0.7709,-0.6963,12
A-双重共振,159322.SZ,159322.SZ,ETF/基金,1.28,-2.29,0.79,"锤子线,蜻蜓十字",-0.0791,1.37,1.28,-0.0889,-0.0791,13
A-双重共振,301498.SZ,301498.SZ,个股,40.56,-0.59,0.79,蜻蜓十字,-1.6935,40.4,38.43,-2.6083,-1.9759,10
A-双重共振,301590.SZ,301590.SZ,个股,168.8,0.08,0.79,三外部上涨,-5.7167,162.71,154.89,-8.3118,-7.7669,46
A-双重共振,920407.BJ,920407.BJ,个股,14.0,-0.85,0.79,锤子线,-0.7665,14.45,14.0,-0.8541,-0.7665,11
A-双重共振,920415.BJ,920415.BJ,个股,10.23,1.89,0.79,锤子线,-0.4358,10.25,10.04,-0.5552,-0.4427,10
A-双重共振,000009.SZ,000009.SZ,个股,6.77,-1.02,0.78,锤子线,-0.3245,7.09,6.77,-0.3778,-0.3245,11
A-双重共振,002261.SZ,002261.SZ,个股,27.97,4.13,0.78,早晨之星,-1.1609,27.05,26.86,-1.8852,-1.172,14
A-双重共振,600328.SH,600328.SH,个股,6.0,-1.48,0.78,锤子线,-0.3324,6.49,6.0,-0.4521,-0.3324,14
A-双重共振,600436.SH,600436.SH,个股,112.99,0.09,0.78,锤子线,-5.3333,121.03,112.89,-6.3837,-5.2955,15
A-双重共振,601928.SH,601928.SH,个股,8.76,0.57,0.78,看涨吞没,-0.1123,8.78,8.71,-0.2004,-0.1058,21
A-双重共振,601952.SH,601952.SH,个股,8.02,-0.62,0.78,锤子线,-0.2779,8.55,8.02,-0.3511,-0.2779,19
A-双重共振,300228.SZ,300228.SZ,个股,7.37,2.5,0.77,看涨吞没,-0.3785,7.53,7.19,-0.4593,-0.3875,11
A-双重共振,600229.SH,600229.SH,个股,5.03,0.4,0.77,锤子线,-0.1718,5.35,5.01,-0.1447,-0.1384,10
A-双重共振,600637.SH,600637.SH,个股,8.3,0.97,0.77,看涨吞没,-0.3766,8.44,8.22,-0.3872,-0.3766,11
A-双重共振,600787.SH,600787.SH,个股,4.45,-0.67,0.77,锤子线,-0.144,4.64,4.45,-0.1489,-0.144,11
A-双重共振,688223.SH,688223.SH,个股,4.76,1.71,0.77,早晨之星,-0.382,5.07,4.68,-0.4037,-0.391,14
A-双重共振,920260.BJ,920260.BJ,个股,7.55,-0.13,0.77,锤子线,-0.3883,8.09,7.55,-0.3957,-0.3883,17
A-双重共振,002099.SZ,002099.SZ,个股,5.08,2.01,0.76,看涨孕线,-0.2627,5.35,4.98,-0.3851,-0.262,16
A-双重共振,002705.SZ,002705.SZ,个股,11.15,-1.41,0.76,锤子线,-0.612,12.04,11.15,-0.8143,-0.612,16
A-双重共振,159378.SZ,159378.SZ,ETF/基金,1.15,4.55,0.76,看涨吞没,-0.0327,1.13,1.1,-0.0547,-0.0359,14
A-双重共振,300546.SZ,300546.SZ,个股,15.16,1.4,0.76,看涨吞没,-0.9254,15.95,14.95,-1.2022,-0.9156,11
A-双重共振,301289.SZ,301289.SZ,个股,46.99,1.75,0.76,看涨吞没,-1.411,46.59,46.18,-1.9093,-1.3927,11
A-双重共振,600908.SH,600908.SH,个股,5.29,-0.56,0.76,锤子线,-0.0489,5.37,5.29,-0.0807,-0.0489,16
A-双重共振,601992.SH,601992.SH,个股,1.46,-0.68,0.76,锤子线,-0.0463,1.53,1.46,-0.0526,-0.0463,21
A-双重共振,603703.SH,603703.SH,个股,11.09,3.45,0.76,看涨吞没,-0.562,11.17,10.72,-0.58,-0.5642,10
A-双重共振,688022.SH,688022.SH,个股,7.76,-1.52,0.76,锤子线,-0.9679,8.69,7.76,-1.2642,-0.9679,11
A-双重共振,300352.SZ,300352.SZ,个股,2.99,1.7,0.75,三外部上涨,-0.4245,3.03,2.54,-0.912,-0.6066,11
A-双重共振,600711.SH,600711.SH,个股,13.25,3.27,0.75,看涨吞没,-0.0217,11.42,11.09,-1.1896,-0.4825,50
A-双重共振,002223.SZ,002223.SZ,个股,24.36,-1.46,0.74,锤子线,-1.0011,25.92,24.36,-1.1262,-1.0011,10
A-双重共振,601218.SH,601218.SH,个股,4.31,0.47,0.74,看涨吞没,-0.3401,4.75,4.29,-0.3536,-0.341,11
A-双重共振,601808.SH,601808.SH,个股,11.81,-0.51,0.74,锤子线,-0.5358,12.67,11.81,-0.5665,-0.5358,11
A-双重共振,920208.BJ,920208.BJ,个股,13.85,0.95,0.74,锤子线,-0.3413,13.76,13.72,-0.4963,-0.3209,10
A-双重共振,920396.BJ,920396.BJ,个股,22.61,-2.88,0.74,锤子线,-1.1894,24.0,22.61,-1.4726,-1.1894,11
A-双重共振,000963.SZ,000963.SZ,个股,28.08,-0.92,0.73,蜻蜓十字,-0.7118,27.26,27.11,-1.4338,-1.4038,2
A-双重共振,002123.SZ,002123.SZ,个股,7.2,0.56,0.73,看涨吞没,-0.4478,7.39,7.16,-0.5788,-0.4481,11
A-双重共振,300070.SZ,300070.SZ,个股,3.31,-1.78,0.73,锤子线,-0.0994,3.43,3.31,-0.1212,-0.0994,11
A-双重共振,300647.SZ,300647.SZ,个股,5.96,4.2,0.73,看涨吞没,-0.1525,5.75,5.72,-0.2665,-0.1468,56
A-双重共振,688128.SH,688128.SH,个股,26.3,-1.76,0.73,锤子线,0.0036,23.95,23.92,-1.2818,-0.3478,45
A-双重共振,600691.SH,600691.SH,个股,2.46,1.23,0.72,看涨吞没,-0.1327,2.65,2.43,-0.1372,-0.1308,10
A-双重共振,517400.SH,517400.SH,ETF/基金,1.25,-1.57,0.71,锤子线,-0.0795,1.34,1.25,-0.0882,-0.0722,11
A-双重共振,688063.SH,688063.SH,个股,53.3,3.58,0.71,早晨之星,-4.0833,53.5,51.46,-5.5302,-4.1367,11
A-双重共振,688283.SH,688283.SH,个股,32.98,4.43,0.71,看涨吞没,-2.1714,35.0,31.58,-2.291,-2.2061,11
A-双重共振,920199.BJ,920199.BJ,个股,22.99,-0.99,0.71,"锤子线,蜻蜓十字",-2.2473,24.33,22.99,-2.2844,-2.2473,15
A-双重共振,000878.SZ,000878.SZ,个股,15.87,-2.7,0.7,锤子线,-0.4587,15.96,15.87,-0.658,-0.4587,13
A-双重共振,000930.SZ,000930.SZ,个股,4.66,-0.21,0.7,蜻蜓十字,-0.2523,5.03,4.66,-0.2839,-0.2523,11
A-双重共振,300133.SZ,300133.SZ,个股,7.07,3.06,0.7,"看涨吞没,早晨之星",-0.3395,6.92,6.86,-0.3644,-0.3449,56
A-双重共振,300933.SZ,300933.SZ,个股,6.05,1.0,0.7,看涨吞没,-0.4504,6.49,5.99,-0.4467,-0.4456,11
A-双重共振,563150.SH,563150.SH,ETF/基金,1.22,0.0,0.7,看涨孕线,-0.0328,1.26,1.22,-0.0393,-0.0296,12
A-双重共振,001236.SZ,001236.SZ,个股,6.93,0.58,0.69,看涨吞没,-0.4129,7.33,6.89,-0.5121,-0.3985,11
A-双重共振,600583.SH,600583.SH,个股,5.38,0.37,0.69,锤子线,-0.2295,5.61,5.36,-0.2867,-0.2354,14
A-双重共振,600993.SH,600993.SH,个股,22.63,0.22,0.69,蜻蜓十字,-0.5223,23.29,22.58,-0.5034,-0.4983,15
A-双重共振,920508.BJ,920508.BJ,个股,14.85,-1.39,0.69,锤子线,-0.8743,15.81,14.85,-0.9194,-0.8743,11
A-双重共振,001380.SZ,001380.SZ,个股,15.68,0.97,0.68,看涨吞没,-0.6672,16.07,15.53,-0.8101,-0.6626,11
A-双重共振,002634.SZ,002634.SZ,个股,4.36,2.35,0.68,曙光初现,-0.1954,4.28,4.24,-0.5686,-0.1806,25
A-双重共振,300559.SZ,300559.SZ,个股,10.23,1.09,0.68,看涨孕线,-0.5039,10.49,10.12,-0.648,-0.4978,11
A-双重共振,301068.SZ,301068.SZ,个股,23.89,3.29,0.68,早晨之星,-1.832,25.18,23.13,-1.9607,-1.8125,11
A-双重共振,600612.SH,600612.SH,个股,34.13,-0.87,0.68,锤子线,-0.9455,35.42,34.13,-1.2286,-0.9455,16
A-双重共振,605286.SH,605286.SH,个股,25.48,-0.97,0.68,倒锤子线,-3.0322,29.08,25.48,-3.309,-3.0322,12
A-双重共振,688577.SH,688577.SH,个股,45.91,5.11,0.68,看涨吞没,-2.1531,43.95,43.68,-2.2816,-2.2424,56
A-双重共振,159562.SZ,159562.SZ,ETF/基金,1.72,-1.71,0.67,锤子线,-0.1089,1.84,1.72,-0.122,-0.0987,11
A-双重共振,300063.SZ,300063.SZ,个股,8.65,0.93,0.67,看涨吞没,-0.5922,9.2,8.57,-0.6361,-0.5903,11
A-双重共振,301622.SZ,301622.SZ,个股,46.89,1.36,0.67,看涨孕线,-2.3157,53.29,46.26,-2.0448,-1.9641,40
A-双重共振,600628.SH,600628.SH,个股,5.88,-0.84,0.67,锤子线,-0.2165,6.16,5.88,-0.2199,-0.2165,11
A-双重共振,603803.SH,603803.SH,个股,11.78,5.94,0.67,"看涨吞没,早晨之星",-0.6134,11.5,11.12,-0.8547,-0.6195,10
A-双重共振,920419.BJ,920419.BJ,个股,10.03,0.1,0.67,看涨孕线,-0.5599,10.68,10.02,-0.5753,-0.5443,10
A-双重共振,600075.SH,600075.SH,个股,4.41,1.61,0.66,看涨孕线,-0.3667,4.77,4.34,-0.4012,-0.3668,10
A-双重共振,600227.SH,600227.SH,个股,2.71,3.04,0.66,看涨吞没,-0.1965,2.94,2.63,-0.2014,-0.1988,9
A-双重共振,600251.SH,600251.SH,个股,8.63,-0.46,0.66,蜻蜓十字,-0.5228,9.56,8.61,-0.5082,-0.5054,12
A-双重共振,920553.BJ,920553.BJ,个股,6.76,-2.03,0.66,锤子线,-0.3626,7.21,6.76,-0.3914,-0.3626,11
A-双重共振,000912.SZ,000912.SZ,个股,3.42,0.29,0.65,"锤子线,看涨孕线,蜻蜓十字",-0.2315,3.67,3.41,-0.2847,-0.2313,10
A-双重共振,300663.SZ,300663.SZ,个股,7.01,-1.27,0.65,锤子线,-0.7508,7.55,7.01,-1.0808,-0.7508,11
A-双重共振,600742.SH,600742.SH,个股,7.48,0.0,0.65,锤子线,-0.3336,7.9,7.48,-0.399,-0.3256,9
A-双重共振,601033.SH,601033.SH,个股,13.87,-0.93,0.65,锤子线,-0.2213,13.75,13.59,-0.2063,-0.193,45
A-双重共振,603628.SH,603628.SH,个股,9.43,1.84,0.65,早晨之星,-0.5961,10.09,9.26,-0.6758,-0.608,14
A-双重共振,688255.SH,688255.SH,个股,27.77,5.59,0.65,看涨吞没,-1.0052,26.46,26.3,-1.5135,-0.9756,56
A-双重共振,920207.BJ,920207.BJ,个股,23.8,4.71,0.65,看涨吞没,-1.2631,24.0,22.73,-1.4532,-1.3327,14
A-双重共振,920556.BJ,920556.BJ,个股,7.49,-2.09,0.65,锤子线,-0.2865,7.78,7.49,-0.3743,-0.2865,17
A-双重共振,920950.BJ,920950.BJ,个股,12.9,-2.2,0.65,锤子线,-0.4742,13.47,12.9,-0.5051,-0.4742,11
A-双重共振,301632.SZ,301632.SZ,个股,16.11,0.06,0.64,"锤子线,蜻蜓十字",-0.7805,16.95,16.1,-1.0261,-0.7709,12
A-双重共振,600866.SH,600866.SH,个股,4.74,-0.63,0.64,锤子线,-0.2837,4.79,4.64,-0.4012,-0.395,5
A-双重共振,920895.BJ,920895.BJ,个股,12.32,-1.91,0.64,锤子线,-0.7359,13.33,12.32,-0.7676,-0.7359,17
A-双重共振,300107.SZ,300107.SZ,个股,5.58,0.36,0.63,看涨吞没,-0.2923,5.88,5.56,-0.3263,-0.2846,14
A-双重共振,600261.SH,600261.SH,个股,3.18,0.95,0.63,看涨孕线,-0.0641,3.15,3.12,-0.1124,-0.082,9
A-双重共振,603123.SH,603123.SH,个股,7.91,1.02,0.63,看涨吞没,-0.6773,9.0,7.83,-0.6671,-0.6567,11
A-双重共振,688489.SH,688489.SH,个股,22.74,3.13,0.63,看涨吞没,-0.973,22.66,22.05,-1.1851,-0.9907,11
A-双重共振,301595.SZ,301595.SZ,个股,39.53,1.62,0.62,看涨吞没,-1.7639,41.39,38.9,-1.6988,-1.6665,13
A-双重共振,301636.SZ,301636.SZ,个股,42.14,1.23,0.62,看涨吞没,-3.7571,45.35,41.63,-4.6666,-3.8171,11
A-双重共振,688277.SH,688277.SH,个股,16.67,2.96,0.62,看涨吞没,-0.4511,16.66,16.19,-1.0231,-0.3945,15
A-双重共振,920304.BJ,920304.BJ,个股,9.41,1.29,0.62,锤子线,-0.3628,9.46,9.29,-0.5519,-0.3464,10
A-双重共振,000589.SZ,000589.SZ,个股,4.21,-0.94,0.61,锤子线,-0.0965,4.38,4.21,-0.1391,-0.0965,59
A-双重共振,000735.SZ,000735.SZ,个股,4.93,-1.2,0.61,锤子线,-0.301,5.21,4.93,-0.338,-0.301,10
A-双重共振,000839.SZ,000839.SZ,个股,2.59,2.37,0.61,看涨孕线,-0.1115,2.61,2.53,-0.1383,-0.1084,11
A-双重共振,600084.SH,600084.SH,个股,4.02,0.0,0.61,看涨孕线,-0.3358,4.66,4.02,-0.5237,-0.3264,24
A-双重共振,600435.SH,600435.SH,个股,11.6,-1.02,0.61,锤子线,-0.4684,11.71,11.46,-0.7692,-0.7653,2
A-双重共振,603220.SH,603220.SH,个股,21.36,3.64,0.61,看涨孕线,-1.2349,22.0,20.61,-1.9985,-1.1696,14
A-双重共振,002969.SZ,002969.SZ,个股,14.0,2.04,0.6,看涨吞没,-1.441,14.68,13.72,-1.5808,-1.4642,12
A-双重共振,300498.SZ,300498.SZ,个股,12.39,0.24,0.6,锤子线,-0.6236,12.82,12.36,-0.7775,-0.6271,10
A-双重共振,600064.SH,600064.SH,个股,7.38,-0.4,0.6,锤子线,-0.109,7.32,7.14,-0.2553,-0.2177,8
A-双重共振,000010.SZ,000010.SZ,个股,1.69,-0.59,0.59,倒锤子线,-0.2157,1.91,1.69,-0.4031,-0.2157,23
A-双重共振,002783.SZ,002783.SZ,个股,7.19,-1.64,0.59,锤子线,-0.3429,7.57,7.19,-0.4025,-0.3429,15
A-双重共振,002987.SZ,002987.SZ,个股,11.04,-1.43,0.59,锤子线,-0.345,11.16,11.04,-0.4532,-0.345,11
A-双重共振,300300.SZ,300300.SZ,个股,7.82,1.3,0.59,看涨吞没,-0.7927,8.5,7.72,-0.9979,-0.8084,11
A-双重共振,601949.SH,601949.SH,个股,4.95,-0.8,0.59,锤子线,-0.1689,5.06,4.95,-0.2384,-0.1689,11
A-双重共振,920237.BJ,920237.BJ,个股,14.96,-1.84,0.59,锤子线,-0.5932,15.35,14.96,-0.6764,-0.5932,17
A-双重共振,600556.SH,600556.SH,个股,4.79,0.63,0.58,蜻蜓十字,-0.2497,4.99,4.76,-0.2668,-0.2513,10
A-双重共振,600686.SH,600686.SH,个股,12.18,-1.06,0.58,"锤子线,蜻蜓十字",-0.6495,12.65,12.18,-0.7358,-0.6495,11
A-双重共振,601568.SH,601568.SH,个股,3.61,1.4,0.58,看涨孕线,-0.0477,3.67,3.56,-0.0918,-0.0428,20
A-双重共振,605599.SH,605599.SH,个股,14.48,-0.62,0.58,"锤子线,蜻蜓十字",-0.7483,14.75,14.38,-1.2557,-1.2413,1
A-双重共振,920779.BJ,920779.BJ,个股,25.74,0.51,0.58,"锤子线,看涨孕线,蜻蜓十字",-1.3866,27.21,25.61,-1.4865,-1.38,10
A-双重共振,920856.BJ,920856.BJ,个股,9.03,-1.31,0.58,锤子线,-0.6372,9.9,9.03,-0.6559,-0.6372,11
A-双重共振,001227.SZ,001227.SZ,个股,2.09,0.0,0.57,看涨孕线,-0.0174,2.09,2.09,-0.0364,-0.0301,8
A-双重共振,300796.SZ,300796.SZ,个股,6.79,0.15,0.57,锤子线,-0.383,7.33,6.78,-0.3861,-0.3815,14
A-双重共振,517520.SH,517520.SH,ETF/基金,1.58,-2.47,0.57,锤子线,-0.1006,1.7,1.58,-0.1126,-0.1006,13
A-双重共振,603939.SH,603939.SH,个股,19.56,-1.71,0.57,锤子线,-0.5632,19.7,19.56,-0.7707,-0.5632,11
A-双重共振,002958.SZ,002958.SZ,个股,2.81,-0.35,0.56,锤子线,-0.0264,2.84,2.81,-0.0463,-0.0264,16
A-双重共振,920374.BJ,920374.BJ,个股,16.87,-0.3,0.56,锤子线,-0.6643,17.0,16.8,-0.6521,-0.6109,9
A-双重共振,920943.BJ,920943.BJ,个股,14.16,-1.12,0.56,锤子线,-0.7179,14.05,13.96,-1.3552,-0.9083,11
A-双重共振,002164.SZ,002164.SZ,个股,11.83,3.41,0.55,看涨吞没,-0.416,11.78,11.44,-0.4535,-0.3883,56
A-双重共振,516190.SH,516190.SH,ETF/基金,0.98,1.03,0.54,蜻蜓十字,-0.0365,0.99,0.96,-0.0431,-0.0387,10
A-双重共振,600028.SH,600028.SH,个股,4.71,0.0,0.54,看涨孕线,-0.0857,4.7,4.67,-0.2067,-0.1524,9
A-双重共振,603217.SH,603217.SH,个股,22.53,0.4,0.54,"看涨孕线,蜻蜓十字",-1.1435,23.31,22.44,-1.1323,-1.1288,14
A-双重共振,159306.SZ,159306.SZ,ETF/基金,1.28,3.23,0.53,看涨吞没,-0.0319,1.27,1.24,-0.0424,-0.0323,56
A-双重共振,600496.SH,600496.SH,个股,3.4,1.19,0.53,锤子线,-0.1195,3.44,3.36,-0.1204,-0.111,39
A-双重共振,605028.SH,605028.SH,个股,21.06,-1.86,0.52,锤子线,-1.1,21.93,21.06,-1.3339,-1.1,10
A-双重共振,300375.SZ,300375.SZ,个股,4.11,1.23,0.5,看涨吞没,-0.1202,4.25,4.06,-0.1483,-0.1057,11
A-双重共振,600684.SH,600684.SH,个股,3.12,-2.19,0.5,锤子线,-0.2424,3.5,3.12,-0.249,-0.2424,11
A-双重共振,688680.SH,688680.SH,个股,41.91,1.48,0.5,三外部上涨,-1.0949,41.66,41.18,-1.539,-0.9988,19
A-双重共振,002194.SZ,002194.SZ,个股,9.81,2.29,0.49,看涨孕线,-0.3466,10.08,9.59,-0.6463,-0.2319,56
A-双重共振,300631.SZ,300631.SZ,个股,22.72,1.56,0.49,看涨孕线,-0.7362,23.63,22.37,-1.1196,-0.6292,14
A-双重共振,600428.SH,600428.SH,个股,7.95,1.15,0.49,看涨吞没,-0.0672,7.54,7.48,-0.2846,-0.2093,7
A-双重共振,688327.SH,688327.SH,个股,12.45,3.58,0.49,看涨吞没,-0.3226,12.28,12.02,-0.7656,-0.2812,55
A-双重共振,002578.SZ,002578.SZ,个股,3.56,1.14,0.48,锤子线,-0.1304,3.72,3.49,-0.1975,-0.1039,52
A-双重共振,600801.SH,600801.SH,个股,18.69,0.43,0.48,锤子线,-0.3498,18.3,18.1,-0.9509,-0.6731,8
A-双重共振,920020.BJ,920020.BJ,个股,14.39,-1.1,0.48,锤子线,-0.1734,14.4,14.39,-0.2451,-0.1734,17
A-双重共振,002530.SZ,002530.SZ,个股,7.21,-0.14,0.47,"锤子线,蜻蜓十字",-0.3134,7.55,7.21,-0.3492,-0.3134,12
A-双重共振,300191.SZ,300191.SZ,个股,27.67,1.36,0.47,看涨吞没,-1.9513,29.07,27.3,-2.2741,-1.9883,12
A-双重共振,601011.SH,601011.SH,个股,2.64,0.76,0.47,锤子线,-0.0848,2.75,2.62,-0.1194,-0.0716,20
A-双重共振,603043.SH,603043.SH,个股,13.2,-0.23,0.47,"锤子线,蜻蜓十字",-0.2661,13.64,13.2,-0.3974,-0.2661,16
A-双重共振,601999.SH,601999.SH,个股,5.61,0.72,0.46,"看涨吞没,锤子线",-0.3003,5.89,5.57,-0.3759,-0.3019,10
A-双重共振,002356.SZ,002356.SZ,个股,2.83,1.8,0.45,看涨吞没,-0.0994,2.91,2.78,-0.1434,-0.0941,22
A-双重共振,920770.BJ,920770.BJ,个股,11.79,-2.16,0.39,锤子线,-0.5144,11.88,11.79,-0.9371,-0.5144,12
A-双重共振,920857.BJ,920857.BJ,个股,15.24,0.4,0.38,"锤子线,蜻蜓十字",-1.0463,15.33,15.18,-1.8697,-0.9949,16
A-双重共振,000892.SZ,000892.SZ,个股,3.52,-1.4,0.37,锤子线,-0.3169,3.86,3.52,-0.3571,-0.3169,11
A-双重共振,002627.SZ,002627.SZ,个股,6.12,-1.45,0.35,锤子线,-0.2432,6.56,6.12,-0.2943,-0.2432,19
A-双重共振,920371.BJ,920371.BJ,个股,7.43,-2.11,0.35,锤子线,-0.3275,7.88,7.43,-0.3674,-0.3275,18
A-双重共振,600693.SH,600693.SH,个股,8.39,0.12,0.34,锤子线,-0.5624,9.16,8.38,-0.5447,-0.5447,15
A-双重共振,920826.BJ,920826.BJ,个股,8.66,-1.7,0.34,锤子线,-0.3315,9.69,8.66,-0.7202,-0.3315,51
A-双重共振,516750.SH,516750.SH,ETF/基金,0.61,0.0,0.33,蜻蜓十字,-0.0184,0.62,0.6,-0.0199,-0.0192,10
A-双重共振,159787.SZ,159787.SZ,ETF/基金,0.61,0.0,0.32,蜻蜓十字,-0.0188,0.63,0.61,-0.0188,-0.0186,9
B-底背离放量,517110.SH,517110.SH,ETF/基金,0.68,-4.23,4.32,,0.0002,0.61,0.61,-0.0236,-0.023,6
B-底背离放量,600789.SH,600789.SH,个股,6.74,-9.16,4.11,,-0.2307,7.0,6.74,-0.3157,-0.2307,12
B-底背离放量,920009.BJ,920009.BJ,个股,38.55,-8.15,3.48,,-1.697,35.56,33.58,-2.7871,-2.7774,5
B-底背离放量,511960.SH,511960.SH,ETF/基金,100.0,0.0,3.33,,-0.0009,100.0,100.0,-0.0026,0.0001,50
B-底背离放量,159933.SZ,159933.SZ,ETF/基金,2.69,-1.82,3.16,,-0.0148,2.69,2.69,-0.0369,-0.0148,22
B-底背离放量,517120.SH,517120.SH,ETF/基金,0.65,-2.99,3.12,,0.0004,0.58,0.58,-0.0215,-0.0207,7
B-底背离放量,159827.SZ,159827.SZ,ETF/基金,0.71,-1.39,2.87,,-0.029,0.74,0.7,-0.0339,-0.031,13
B-底背离放量,159748.SZ,159748.SZ,ETF/基金,0.72,-2.7,2.69,,-0.0,0.64,0.64,-0.0251,-0.0243,7
B-底背离放量,512640.SH,512640.SH,ETF/基金,2.2,-1.35,2.44,,-0.0126,2.2,2.2,-0.0307,-0.0126,22
B-底背离放量,563870.SH,563870.SH,ETF/基金,0.73,5.8,2.44,,-0.0281,0.72,0.69,-0.0351,-0.0311,11
B-底背离放量,688198.SH,688198.SH,个股,91.12,0.44,2.44,,-0.6164,78.83,75.6,-4.4858,-1.9162,12
B-底背离放量,605366.SH,605366.SH,个股,13.05,-6.65,2.4,,0.422,10.1,9.82,-0.4624,-0.4305,9
B-底背离放量,517380.SH,517380.SH,ETF/基金,0.73,-2.67,2.33,,0.0033,0.64,0.64,-0.0242,-0.0227,7
B-底背离放量,920068.BJ,920068.BJ,个股,18.15,5.83,2.32,,-0.5242,17.54,16.93,-0.669,-0.6419,5
B-底背离放量,159169.SZ,159169.SZ,ETF/基金,0.82,-2.38,2.21,,-0.0183,0.77,0.77,-0.0414,-0.0394,5
B-底背离放量,159913.SZ,159913.SZ,ETF/基金,2.42,-1.22,2.19,,-0.0116,2.41,2.4,-0.0353,-0.0164,51
B-底背离放量,920263.BJ,920263.BJ,个股,8.32,-0.24,2.18,,-0.5094,7.72,7.48,-0.7092,-0.6861,5
B-底背离放量,688765.SH,688765.SH,个股,50.99,-1.09,2.13,,-1.5623,45.0,42.96,-3.4879,-2.6932,13
B-底背离放量,159297.SZ,159297.SZ,ETF/基金,0.64,-3.03,2.1,,-0.0203,0.61,0.61,-0.0392,-0.0354,7
B-底背离放量,159102.SZ,159102.SZ,ETF/基金,0.68,-2.86,2.08,,-0.0154,0.64,0.64,-0.0337,-0.0323,6
B-底背离放量,002268.SZ,002268.SZ,个股,12.9,5.13,2.01,,-0.603,12.8,12.27,-0.7765,-0.6423,11
B-底背离放量,002427.SZ,002427.SZ,个股,5.03,-4.55,2.01,,-0.0576,4.39,4.24,-0.3474,-0.2964,5
B-底背离放量,588130.SH,588130.SH,ETF/基金,1.0,0.0,2.01,,-0.0111,0.91,0.91,-0.0332,-0.0233,13
B-底背离放量,000683.SZ,000683.SZ,个股,6.49,3.18,1.96,,-0.3939,6.87,6.29,-0.4009,-0.3978,9
B-底背离放量,563060.SH,563060.SH,ETF/基金,1.07,-1.83,1.93,,-0.0075,1.07,1.07,-0.0109,-0.0101,10
B-底背离放量,603313.SH,603313.SH,个股,5.33,-4.14,1.92,,-0.3035,5.4,5.05,-0.4402,-0.3738,9
B-底背离放量,600623.SH,600623.SH,个股,8.05,3.47,1.91,,-0.3171,8.11,7.68,-0.4211,-0.2931,12
B-底背离放量,159858.SZ,159858.SZ,ETF/基金,0.64,-3.03,1.89,,0.0028,0.57,0.57,-0.0201,-0.0179,6
B-底背离放量,300204.SZ,300204.SZ,个股,23.88,2.58,1.89,,-0.9165,20.38,19.4,-1.469,-1.4636,10
B-底背离放量,688287.SH,688287.SH,个股,0.0,,1.85,,-0.0032,0.0,0.0,-0.2894,-0.0063,50
B-底背离放量,301211.SZ,301211.SZ,个股,11.37,-3.48,1.84,,0.2156,9.33,9.28,-0.5071,-0.4499,4
B-底背离放量,520760.SH,520760.SH,个股,0.8,-2.44,1.83,,-0.0172,0.75,0.75,-0.0415,-0.0375,4
B-底背离放量,001205.SZ,001205.SZ,个股,13.67,-1.37,1.82,,-0.1313,13.73,13.67,-0.2211,-0.1313,13
B-底背离放量,588250.SH,588250.SH,ETF/基金,1.02,0.99,1.79,,-0.0113,0.93,0.93,-0.0342,-0.023,13
B-底背离放量,600619.SH,600619.SH,个股,15.81,-0.32,1.79,,-0.3442,14.17,14.11,-0.8468,-0.6495,12
B-底背离放量,520930.SH,520930.SH,个股,0.8,-2.44,1.78,,-0.0178,0.75,0.75,-0.0422,-0.0381,4
B-底背离放量,600839.SH,600839.SH,个股,6.98,5.6,1.78,,-0.3261,6.67,6.36,-0.5026,-0.3819,10
B-底背离放量,600746.SH,600746.SH,个股,5.6,-3.11,1.72,,-0.461,6.21,5.6,-0.5485,-0.461,11
B-底背离放量,688136.SH,688136.SH,个股,20.77,3.59,1.69,,-0.8489,18.23,18.06,-2.0783,-1.2459,10
B-底背离放量,688137.SH,688137.SH,个股,36.04,-0.58,1.68,,-2.247,35.5,33.67,-2.8254,-2.6046,8
B-底背离放量,159508.SZ,159508.SZ,ETF/基金,0.74,-1.33,1.67,,-0.0032,0.67,0.67,-0.0275,-0.0265,6
B-底背离放量,300412.SZ,300412.SZ,个股,4.59,-1.08,1.67,,-0.0442,4.25,4.16,-0.21,-0.2096,5
B-底背离放量,920634.BJ,920634.BJ,个股,20.25,3.21,1.66,,0.0742,16.4,15.36,-1.1464,-1.0863,11
B-底背离放量,301600.SZ,301600.SZ,个股,83.66,-9.29,1.65,,-5.3053,97.46,83.66,-6.1177,-5.3053,51
B-底背离放量,511820.SH,511820.SH,ETF/基金,99.99,-0.01,1.64,,-0.0013,100.0,99.99,-0.0022,-0.0013,59
B-底背离放量,000758.SZ,000758.SZ,个股,7.57,7.38,1.62,,0.0416,6.37,6.27,-0.3145,-0.1186,42
B-底背离放量,002828.SZ,002828.SZ,个股,10.59,0.0,1.61,,-0.0532,8.89,8.88,-0.64,-0.6277,1
B-底背离放量,603418.SH,603418.SH,个股,53.09,4.98,1.6,,-0.3047,48.23,47.36,-1.7486,-0.9029,43
B-底背离放量,517990.SH,517990.SH,ETF/基金,0.79,-2.47,1.59,,-0.0088,0.74,0.74,-0.0294,-0.0273,5
B-底背离放量,300002.SZ,300002.SZ,个股,7.81,-1.14,1.57,,-0.2803,7.05,7.01,-0.5591,-0.4043,10
B-底背离放量,688236.SH,688236.SH,个股,14.49,-1.43,1.56,,-0.6537,14.77,13.9,-0.906,-0.7108,10
B-底背离放量,300588.SZ,300588.SZ,个股,22.8,-6.13,1.55,,0.1664,18.57,18.11,-1.2374,-1.1925,4
B-底背离放量,300973.SZ,300973.SZ,个股,24.46,-5.52,1.55,,-0.8684,24.6,24.3,-1.4266,-1.3023,5
B-底背离放量,002294.SZ,002294.SZ,个股,31.91,-3.01,1.54,,-1.8235,31.14,30.15,-3.9273,-2.3229,10
B-底背离放量,603113.SH,603113.SH,个股,4.13,-2.82,1.54,,-0.3303,4.74,4.13,-0.3552,-0.3303,13
B-底背离放量,300950.SZ,300950.SZ,个股,16.8,4.22,1.53,,-0.9075,17.0,16.06,-1.1061,-0.9412,10
B-底背离放量,301606.SZ,301606.SZ,个股,61.3,8.11,1.53,,-3.1266,60.38,56.7,-3.5287,-3.3527,11
B-底背离放量,002221.SZ,002221.SZ,个股,5.23,0.0,1.52,,-0.4751,5.93,5.23,-0.4688,-0.4643,11
B-底背离放量,159728.SZ,159728.SZ,ETF/基金,0.76,2.7,1.49,,-0.0322,0.76,0.74,-0.0381,-0.033,10
B-底背离放量,688349.SH,688349.SH,个股,15.21,1.88,1.49,,-0.4658,13.21,13.17,-1.1132,-0.8425,11
B-底背离放量,000629.SZ,000629.SZ,个股,3.38,5.62,1.48,,-0.0926,3.21,3.08,-0.1431,-0.1271,45
B-底背离放量,601399.SH,601399.SH,个股,3.49,0.29,1.48,,-0.1375,3.56,3.36,-0.1577,-0.1403,10
B-底背离放量,002625.SZ,002625.SZ,个股,32.22,-5.65,1.47,,-1.2593,37.35,32.22,-2.208,-1.2593,50
B-底背离放量,688073.SH,688073.SH,个股,53.68,-1.03,1.47,,-0.0959,44.76,44.63,-2.7831,-2.7341,7
B-底背离放量,300195.SZ,300195.SZ,个股,5.89,-1.17,1.46,,-0.0521,5.49,5.35,-0.4009,-0.3701,5
B-底背离放量,920090.BJ,920090.BJ,个股,3.32,-4.32,1.46,,-0.3684,4.0,3.32,-0.4112,-0.3684,17
B-底背离放量,920703.BJ,920703.BJ,个股,10.66,1.72,1.46,,-0.3427,10.0,9.96,-0.6793,-0.4422,9
B-底背离放量,159992.SZ,159992.SZ,ETF/基金,0.8,-2.44,1.45,,0.003,0.71,0.71,-0.027,-0.0229,7
B-底背离放量,000880.SZ,000880.SZ,个股,26.45,2.88,1.44,,-1.4164,25.76,24.0,-1.5915,-1.5351,45
B-底背离放量,603200.SH,603200.SH,个股,43.34,6.43,1.44,,-3.0162,44.68,40.58,-3.9182,-2.9837,10
B-底背离放量,002399.SZ,002399.SZ,个股,8.99,-2.18,1.42,,-0.2652,9.06,8.65,-0.3577,-0.3087,8
B-底背离放量,513970.SH,513970.SH,ETF/基金,0.78,-2.5,1.42,,-0.0173,0.81,0.78,-0.0183,-0.0149,17
B-底背离放量,516930.SH,516930.SH,ETF/基金,0.46,-2.13,1.42,,-0.0015,0.42,0.42,-0.016,-0.0147,7
B-底背离放量,600062.SH,600062.SH,个股,16.01,-3.96,1.42,,-0.2946,16.5,15.6,-0.3676,-0.3182,20
B-底背离放量,600976.SH,600976.SH,个股,24.94,-5.49,1.42,,-0.9977,26.27,24.94,-1.3242,-0.9977,12
B-底背离放量,920242.BJ,920242.BJ,个股,15.41,-4.35,1.41,,-0.3312,15.72,15.41,-0.9771,-0.3312,51
B-底背离放量,301301.SZ,301301.SZ,个股,7.93,-3.41,1.4,,-0.3067,8.36,7.9,-0.3908,-0.3012,13
B-底背离放量,002714.SZ,002714.SZ,个股,34.98,-2.81,1.39,,-1.271,34.15,32.36,-2.0747,-1.8235,12
B-底背离放量,301137.SZ,301137.SZ,个股,34.39,-4.5,1.39,,-1.8723,35.68,33.41,-2.2749,-1.9525,10
B-底背离放量,688617.SH,688617.SH,个股,181.19,-5.19,1.39,,-9.1046,194.41,181.19,-10.7308,-9.1046,13
B-底背离放量,001233.SZ,001233.SZ,个股,44.7,-0.09,1.38,,-2.7676,46.7,44.7,-3.7806,-2.7676,12
B-底背离放量,002413.SZ,002413.SZ,个股,9.77,5.74,1.38,,-0.5532,10.03,9.24,-0.7489,-0.5872,12
B-底背离放量,512120.SH,512120.SH,ETF/基金,0.43,-2.27,1.38,,0.0002,0.39,0.39,-0.0134,-0.0111,7
B-底背离放量,600613.SH,600613.SH,个股,4.42,-4.12,1.38,,-0.2055,4.78,4.42,-0.2331,-0.2055,12
B-底背离放量,603325.SH,603325.SH,个股,53.2,-4.14,1.38,,-1.7886,54.31,53.2,-3.9556,-1.7886,15
B-底背离放量,300255.SZ,300255.SZ,个股,24.92,-3.6,1.37,,-3.8747,36.71,24.92,-3.241,-3.0956,55
B-底背离放量,159776.SZ,159776.SZ,ETF/基金,0.99,-2.94,1.36,,-0.0223,0.94,0.94,-0.0492,-0.0447,4
B-底背离放量,300642.SZ,300642.SZ,个股,11.78,-3.05,1.36,,-0.7352,12.65,11.78,-0.8719,-0.7352,12
B-底背离放量,520700.SH,520700.SH,个股,1.31,-2.24,1.35,,-0.0263,1.21,1.21,-0.0695,-0.0632,4
B-底背离放量,561920.SH,561920.SH,ETF/基金,0.63,0.0,1.35,,-0.0108,0.59,0.59,-0.0255,-0.0158,13
B-底背离放量,600662.SH,600662.SH,个股,4.12,-2.37,1.35,,-0.1619,4.35,4.12,-0.1642,-0.1619,11
B-底背离放量,688520.SH,688520.SH,个股,33.96,-3.8,1.35,,-1.2518,33.12,33.0,-2.0593,-1.4956,10
B-底背离放量,001328.SZ,001328.SZ,个股,26.38,-3.48,1.34,,-0.6632,28.05,26.38,-1.0356,-0.6632,18
B-底背离放量,300358.SZ,300358.SZ,个股,8.0,-1.84,1.34,,-0.2661,7.74,7.55,-0.4702,-0.3294,10
B-底背离放量,688373.SH,688373.SH,个股,4.36,-5.83,1.34,,-0.2521,4.55,4.36,-0.344,-0.2521,11
B-底背离放量,002760.SZ,002760.SZ,个股,16.44,2.81,1.33,,-1.2224,17.79,15.99,-1.2777,-1.2411,9
B-底背离放量,301082.SZ,301082.SZ,个股,8.99,1.7,1.33,,-0.6226,9.6,8.82,-0.7342,-0.6095,10
B-底背离放量,688270.SH,688270.SH,个股,78.01,7.6,1.33,,-4.7547,75.21,68.31,-6.5329,-5.271,16
B-底背离放量,003020.SZ,003020.SZ,个股,14.81,-3.14,1.32,,-0.5668,15.31,14.66,-0.8198,-0.5957,10
B-底背离放量,159506.SZ,159506.SZ,ETF/基金,1.08,-3.57,1.32,,-0.0351,1.03,1.03,-0.0676,-0.0608,4
B-底背离放量,300359.SZ,300359.SZ,个股,3.57,0.28,1.32,,-0.2232,3.86,3.56,-0.2229,-0.2213,9
B-底背离放量,000612.SZ,000612.SZ,个股,11.9,7.89,1.31,,-0.2515,10.92,10.43,-0.6686,-0.3413,48
B-底背离放量,002019.SZ,002019.SZ,个股,9.37,-3.4,1.31,,-0.2786,9.84,9.37,-0.3742,-0.2786,14
B-底背离放量,002064.SZ,002064.SZ,个股,9.79,3.05,1.31,,-0.1544,9.68,9.5,-0.6103,-0.1264,58
B-底背离放量,159120.SZ,159120.SZ,ETF/基金,0.74,2.78,1.31,,-0.0191,0.73,0.69,-0.0319,-0.0206,56
B-底背离放量,512450.SH,512450.SH,ETF/基金,0.8,-2.44,1.31,,-0.0309,0.83,0.79,-0.0355,-0.0344,11
B-底背离放量,560130.SH,560130.SH,ETF/基金,0.86,-1.15,1.31,,-0.0176,0.88,0.86,-0.0211,-0.0169,13
B-底背离放量,002624.SZ,002624.SZ,个股,12.35,-2.68,1.3,,-0.7911,12.99,11.43,-1.121,-0.9507,15
B-底背离放量,600113.SH,600113.SH,个股,30.98,-6.09,1.29,,-2.4441,35.78,30.98,-2.6798,-2.4441,11
B-底背离放量,603889.SH,603889.SH,个股,5.11,-3.95,1.29,,-0.1635,5.48,5.11,-0.2459,-0.1635,57
B-底背离放量,688125.SH,688125.SH,个股,177.87,-6.65,1.29,,-5.3516,174.01,172.34,-10.7469,-10.156,13
B-底背离放量,301005.SZ,301005.SZ,个股,111.5,2.43,1.28,,-0.9956,97.38,95.5,-5.5969,-4.7059,5
B-底背离放量,563790.SH,563790.SH,ETF/基金,1.05,3.96,1.28,,-0.0162,0.99,0.99,-0.0343,-0.0247,7
B-底背离放量,000420.SZ,000420.SZ,个股,4.05,-3.57,1.27,,-0.1558,4.11,4.03,-0.2195,-0.159,10
B-底背离放量,159303.SZ,159303.SZ,ETF/基金,1.34,-2.9,1.27,,-0.0343,1.28,1.28,-0.0709,-0.0636,4
B-底背离放量,513360.SH,513360.SH,ETF/基金,0.42,0.0,1.27,,-0.0147,0.43,0.41,-0.0157,-0.0155,11
B-底背离放量,603258.SH,603258.SH,个股,12.82,1.18,1.27,,-0.7933,13.76,12.53,-0.8405,-0.8059,9
B-底背离放量,002470.SZ,002470.SZ,个股,2.03,-4.69,1.26,,-0.1211,2.15,1.98,-0.163,-0.1312,13
B-底背离放量,520670.SH,520670.SH,个股,0.76,1.33,1.26,,-0.0202,0.76,0.72,-0.0334,-0.0215,56
B-底背离放量,000913.SZ,000913.SZ,个股,10.85,-6.47,1.25,,-0.2382,11.25,10.85,-0.4769,-0.2382,11
B-底背离放量,159929.SZ,159929.SZ,ETF/基金,1.23,-1.6,1.25,,-0.0084,1.16,1.16,-0.0349,-0.0315,6
B-底背离放量,300009.SZ,300009.SZ,个股,7.85,-0.88,1.25,,-0.143,7.69,7.5,-0.2344,-0.1841,10
B-底背离放量,561120.SH,561120.SH,ETF/基金,1.28,1.59,1.25,,-0.0181,1.25,1.24,-0.0318,-0.0191,55
B-底背离放量,600499.SH,600499.SH,个股,13.83,-0.14,1.25,,-0.6392,14.35,13.39,-0.7137,-0.593,13
B-底背离放量,601318.SH,601318.SH,个股,51.68,4.66,1.25,,-0.6654,50.72,49.38,-1.5281,-0.6625,15
B-底背离放量,605255.SH,605255.SH,个股,65.94,-3.47,1.25,,-5.7253,75.69,65.94,-7.429,-5.7253,10
B-底背离放量,159286.SZ,159286.SZ,ETF/基金,0.65,-2.99,1.24,,-0.022,0.63,0.62,-0.0385,-0.0371,7
B-底背离放量,159718.SZ,159718.SZ,ETF/基金,0.74,-2.63,1.24,,-0.0169,0.7,0.7,-0.0378,-0.0345,4
B-底背离放量,159940.SZ,159940.SZ,ETF/基金,1.14,-0.87,1.24,,-0.0064,1.14,1.13,-0.0141,-0.0046,20
B-底背离放量,300446.SZ,300446.SZ,个股,16.79,-1.29,1.24,,-0.1496,15.12,15.03,-1.0339,-0.6706,10
B-底背离放量,300712.SZ,300712.SZ,个股,21.38,5.84,1.24,,-0.9152,20.2,20.2,-1.5389,-1.0015,11
B-底背离放量,520970.SH,520970.SH,个股,0.73,-2.67,1.24,,-0.0148,0.68,0.67,-0.037,-0.0363,6
B-底背离放量,562050.SH,562050.SH,ETF/基金,0.91,-2.15,1.24,,-0.007,0.86,0.86,-0.029,-0.0231,7
B-底背离放量,002773.SZ,002773.SZ,个股,20.46,-2.25,1.23,,-0.3817,19.91,19.51,-0.9249,-0.5258,10
B-底背离放量,159567.SZ,159567.SZ,ETF/基金,0.61,-3.17,1.23,,-0.0202,0.59,0.58,-0.0361,-0.0313,10
B-底背离放量,159839.SZ,159839.SZ,ETF/基金,0.33,-2.94,1.23,,-0.0015,0.3,0.3,-0.0124,-0.0115,6
B-底背离放量,159938.SZ,159938.SZ,ETF/基金,0.6,-1.64,1.23,,-0.0031,0.56,0.56,-0.0172,-0.0148,7
B-底背离放量,300045.SZ,300045.SZ,个股,17.22,5.58,1.23,,-1.1018,17.81,16.31,-1.3127,-1.1606,11
B-底背离放量,300366.SZ,300366.SZ,个股,4.84,-5.1,1.23,,-0.1549,5.12,4.84,-0.1796,-0.1549,35
B-底背离放量,520500.SH,520500.SH,个股,1.24,-3.12,1.23,,-0.0423,1.18,1.18,-0.0852,-0.0736,4
B-底背离放量,600668.SH,600668.SH,个股,6.98,-2.65,1.23,,-0.5411,7.66,6.98,-0.6431,-0.5411,11
B-底背离放量,600960.SH,600960.SH,个股,4.06,2.53,1.23,,-0.1825,4.03,3.78,-0.2152,-0.2081,10
B-底背离放量,002992.SZ,002992.SZ,个股,45.41,-1.11,1.22,,-0.5862,41.45,40.61,-2.5107,-2.2845,5
B-底背离放量,300030.SZ,300030.SZ,个股,5.79,-3.34,1.22,,-0.3798,6.37,5.79,-0.4004,-0.3798,12
B-底背离放量,301499.SZ,301499.SZ,个股,29.24,6.52,1.22,,-1.0062,28.37,27.45,-0.8635,-0.7662,56
B-底背离放量,560160.SH,560160.SH,ETF/基金,0.86,-1.15,1.22,,-0.0183,0.88,0.86,-0.0202,-0.0173,13
B-底背离放量,920037.BJ,920037.BJ,个股,42.68,-4.35,1.22,,-1.9632,43.28,42.55,-2.4537,-2.1962,6
B-底背离放量,000153.SZ,000153.SZ,个股,5.03,-3.27,1.21,,-0.1903,5.31,5.02,-0.2263,-0.1879,10
B-底背离放量,002029.SZ,002029.SZ,个股,8.18,-6.51,1.21,,-0.41,8.13,8.08,-0.5992,-0.5948,3
B-底背离放量,002868.SZ,002868.SZ,个股,22.09,-3.16,1.21,,-2.65,25.14,22.09,-3.1501,-2.65,12
B-底背离放量,159316.SZ,159316.SZ,ETF/基金,1.01,-2.88,1.21,,-0.0338,0.97,0.96,-0.0634,-0.0521,10
B-底背离放量,515950.SH,515950.SH,ETF/基金,0.87,-2.25,1.21,,-0.0028,0.81,0.81,-0.0227,-0.0201,6
B-底背离放量,520520.SH,520520.SH,个股,0.9,-2.17,1.21,,-0.0222,0.95,0.9,-0.0195,-0.019,18
B-底背离放量,600476.SH,600476.SH,个股,9.23,-4.94,1.21,,-0.5486,10.32,9.23,-0.8083,-0.5486,51
B-底背离放量,601069.SH,601069.SH,个股,21.9,-2.88,1.21,,-1.6429,24.34,21.9,-1.7997,-1.6429,13
B-底背离放量,920245.BJ,920245.BJ,个股,14.13,0.36,1.21,,-0.6711,14.72,14.08,-0.7346,-0.6394,10
B-底背离放量,159645.SZ,159645.SZ,ETF/基金,0.57,-1.72,1.2,,-0.0102,0.54,0.54,-0.0225,-0.0223,7
B-底背离放量,511600.SH,511600.SH,ETF/基金,100.0,0.0,1.2,,-0.0,100.0,100.0,-0.0038,-0.0007,50
B-底背离放量,516810.SH,516810.SH,ETF/基金,0.68,-1.45,1.2,,-0.027,0.71,0.67,-0.0324,-0.0292,12
B-底背离放量,603615.SH,603615.SH,个股,15.99,-2.56,1.2,,-0.9749,17.08,15.99,-1.1344,-0.9749,56
B-底背离放量,605368.SH,605368.SH,个股,6.43,-3.89,1.2,,-0.1949,6.86,6.43,-0.2664,-0.1949,16
B-底背离放量,688013.SH,688013.SH,个股,26.83,-3.14,1.2,,-1.579,28.02,26.83,-2.0509,-1.579,11
B-底背离放量,920982.BJ,920982.BJ,个股,141.65,-6.38,1.2,,-4.6842,150.05,141.65,-15.1535,-4.6842,54
B-底背离放量,001400.SZ,001400.SZ,个股,116.15,1.22,1.19,,-2.1205,103.75,103.69,-6.2311,-3.8696,14
B-底背离放量,300929.SZ,300929.SZ,个股,10.59,-1.21,1.19,,-0.5273,10.88,10.5,-0.6005,-0.5378,7
B-底背离放量,520880.SH,520880.SH,个股,0.4,-2.44,1.19,,-0.014,0.38,0.38,-0.026,-0.0231,6
B-底背离放量,603207.SH,603207.SH,个股,22.35,-2.66,1.19,,-0.5259,22.07,21.85,-1.0986,-0.6097,10
B-底背离放量,605007.SH,605007.SH,个股,13.39,0.07,1.19,,-0.3155,12.79,12.51,-0.4655,-0.4502,9
B-底背离放量,688306.SH,688306.SH,个股,10.27,-1.53,1.19,,-0.005,8.58,8.37,-0.3887,-0.285,44
B-底背离放量,002170.SZ,002170.SZ,个股,11.34,4.81,1.18,,-0.3178,11.43,10.82,-0.3566,-0.3444,15
B-底背离放量,300888.SZ,300888.SZ,个股,28.04,-1.2,1.18,,-0.5588,27.53,26.79,-0.9684,-0.7431,12
B-底背离放量,516610.SH,516610.SH,ETF/基金,0.4,-2.44,1.18,,-0.013,0.41,0.39,-0.0139,-0.0134,11
B-底背离放量,516770.SH,516770.SH,ETF/基金,1.15,0.88,1.18,,-0.0318,1.1,1.1,-0.0557,-0.0553,4
B-底背离放量,603444.SH,603444.SH,个股,358.48,-0.14,1.18,,-0.7966,324.41,323.41,-13.1698,-9.195,10
B-底背离放量,002007.SZ,002007.SZ,个股,12.2,-3.79,1.17,,-0.2636,12.69,12.12,-0.2974,-0.2542,13
B-底背离放量,002101.SZ,002101.SZ,个股,9.49,-0.11,1.17,,-0.0293,8.38,8.32,-0.3885,-0.3643,5
B-底背离放量,002538.SZ,002538.SZ,个股,5.92,4.96,1.17,,-0.2023,5.96,5.64,-0.2311,-0.21,9
B-底背离放量,002736.SZ,002736.SZ,个股,10.18,3.35,1.17,,-0.0612,9.6,9.48,-0.3396,-0.2791,7
B-底背离放量,002923.SZ,002923.SZ,个股,9.44,-2.48,1.17,,-0.531,9.89,9.32,-0.7852,-0.5572,10
B-底背离放量,159132.SZ,159132.SZ,ETF/基金,0.8,-2.44,1.17,,-0.0181,0.75,0.75,-0.0408,-0.0386,6
B-底背离放量,513780.SH,513780.SH,ETF/基金,1.36,-2.86,1.17,,-0.0262,1.26,1.25,-0.0692,-0.0663,6
B-底背离放量,603201.SH,603201.SH,个股,14.06,0.36,1.17,,-0.2671,15.63,14.01,-0.1214,0.0089,26
B-底背离放量,920082.BJ,920082.BJ,个股,8.46,-2.76,1.17,,-0.3957,8.95,8.46,-0.4585,-0.3957,11
B-底背离放量,000656.SZ,000656.SZ,个股,1.29,-3.73,1.16,,-0.0256,1.31,1.29,-0.0307,-0.0256,57
B-底背离放量,000852.SZ,000852.SZ,个股,4.97,-0.8,1.16,,-0.356,5.5,4.97,-0.3833,-0.356,13
B-底背离放量,002626.SZ,002626.SZ,个股,13.17,-2.73,1.16,,-0.4882,14.02,13.16,-0.5266,-0.4704,10
B-底背离放量,159859.SZ,159859.SZ,ETF/基金,0.36,0.0,1.16,,-0.0011,0.32,0.32,-0.0137,-0.0131,6
B-底背离放量,300015.SZ,300015.SZ,个股,8.26,-3.95,1.16,,-0.2914,8.25,8.0,-0.4634,-0.3449,12
B-底背离放量,300753.SZ,300753.SZ,个股,18.98,-3.06,1.16,,-1.3391,20.12,18.8,-1.8046,-1.327,10
B-底背离放量,301276.SZ,301276.SZ,个股,23.15,-3.78,1.16,,0.0625,22.29,22.22,-1.1172,-0.4244,50
B-底背离放量,513120.SH,513120.SH,ETF/基金,1.06,-2.75,1.16,,-0.0202,0.98,0.97,-0.0546,-0.0514,6
B-底背离放量,600713.SH,600713.SH,个股,4.99,-1.38,1.16,,-0.0502,4.87,4.83,-0.1153,-0.0853,6
B-底背离放量,600763.SH,600763.SH,个股,33.82,-3.45,1.16,,-0.9626,33.47,33.33,-1.7608,-1.0907,12
B-底背离放量,603235.SH,603235.SH,个股,22.59,-1.48,1.16,,-0.63,23.34,22.59,-0.655,-0.63,11
B-底背离放量,000858.SZ,000858.SZ,个股,73.98,-0.03,1.15,,-3.513,79.11,73.17,-3.8302,-3.6706,12
B-底背离放量,002688.SZ,002688.SZ,个股,4.64,-3.73,1.15,,-0.1992,4.88,4.64,-0.2124,-0.1992,12
B-底背离放量,159217.SZ,159217.SZ,ETF/基金,1.02,-2.86,1.15,,-0.0346,0.98,0.97,-0.0614,-0.0461,13
B-底背离放量,159218.SZ,159218.SZ,ETF/基金,1.71,4.27,1.15,,-0.0266,1.61,1.6,-0.0552,-0.0412,7
B-底背离放量,300961.SZ,300961.SZ,个股,12.88,-0.39,1.15,,0.1246,11.03,10.83,-0.6479,-0.6411,5
B-底背离放量,301330.SZ,301330.SZ,个股,27.26,-4.42,1.15,,-0.7101,26.21,26.0,-1.5843,-1.2885,5
B-底背离放量,562320.SH,562320.SH,ETF/基金,1.24,-0.8,1.15,,-0.0146,1.27,1.24,-0.0141,-0.0121,20
B-底背离放量,688459.SH,688459.SH,个股,8.35,-1.18,1.15,,-0.1283,7.93,7.9,-0.2484,-0.2236,9
B-底背离放量,920541.BJ,920541.BJ,个股,9.73,-3.57,1.15,,-0.3832,10.14,9.73,-0.4611,-0.3832,11
B-底背离放量,000999.SZ,000999.SZ,个股,22.48,-3.31,1.14,,-0.5319,23.62,22.16,-0.8043,-0.5063,22
B-底背离放量,516010.SH,516010.SH,ETF/基金,1.09,0.93,1.14,,-0.0324,1.05,1.04,-0.0536,-0.0536,4
B-底背离放量,600273.SH,600273.SH,个股,6.49,-3.13,1.14,,-0.2604,6.94,6.49,-0.3063,-0.2604,12
B-底背离放量,600426.SH,600426.SH,个股,23.71,-4.59,1.14,,-1.8157,26.7,23.71,-2.1244,-1.8157,12
B-底背离放量,688075.SH,688075.SH,个股,29.72,-3.6,1.14,,-1.3427,31.05,29.72,-1.5482,-1.3427,10
B-底背离放量,000401.SZ,000401.SZ,个股,3.6,-1.64,1.13,,-0.1266,3.85,3.6,-0.1852,-0.1266,16
B-底背离放量,000919.SZ,000919.SZ,个股,5.86,-3.93,1.13,,-0.2099,6.09,5.86,-0.291,-0.2099,11
B-底背离放量,159377.SZ,159377.SZ,ETF/基金,0.91,-2.15,1.13,,-0.022,0.88,0.87,-0.0392,-0.0295,13
B-底背离放量,300833.SZ,300833.SZ,个股,30.21,-6.18,1.13,,-1.0573,31.3,30.21,-2.0949,-1.0573,51
B-底背离放量,301015.SZ,301015.SZ,个股,19.03,-3.89,1.13,,-0.7563,19.96,19.03,-0.8134,-0.7563,12
B-底背离放量,301103.SZ,301103.SZ,个股,14.98,-3.1,1.13,,-0.7059,16.1,14.88,-0.7552,-0.7139,10
B-底背离放量,516820.SH,516820.SH,ETF/基金,0.32,-3.03,1.13,,-0.0025,0.31,0.3,-0.0096,-0.009,10
B-底背离放量,563960.SH,563960.SH,ETF/基金,0.94,0.0,1.13,,-0.0087,0.93,0.92,-0.012,-0.0102,10
B-底背离放量,600191.SH,600191.SH,个股,9.14,-1.93,1.13,,-0.416,10.22,9.14,-0.4553,-0.416,18
B-底背离放量,600577.SH,600577.SH,个股,10.88,-7.48,1.13,,-0.5556,11.68,10.79,-0.6012,-0.5261,50
B-底背离放量,600879.SH,600879.SH,个股,21.28,7.53,1.13,,-0.5306,19.2,18.88,-1.005,-0.7378,15
B-底背离放量,688568.SH,688568.SH,个股,42.53,-6.01,1.13,,-3.2722,44.85,42.53,-3.9172,-3.2722,11
B-底背离放量,002107.SZ,002107.SZ,个股,5.67,-2.58,1.12,,-0.2551,5.91,5.6,-0.313,-0.2665,10
B-底背离放量,002262.SZ,002262.SZ,个股,18.75,-3.1,1.12,,-0.4267,18.97,18.23,-0.5332,-0.5041,10
B-底背离放量,301533.SZ,301533.SZ,个股,23.81,0.51,1.12,,-1.4629,25.71,23.5,-1.5129,-1.4517,10
B-底背离放量,605507.SH,605507.SH,个股,14.87,-4.5,1.12,,-0.2714,15.13,14.7,-0.5269,-0.2984,20
B-底背离放量,688316.SH,688316.SH,个股,54.3,6.62,1.12,,-3.6606,55.54,50.93,-4.476,-3.7031,10
B-底背离放量,688553.SH,688553.SH,个股,10.56,-0.47,1.12,,-0.4845,10.57,9.86,-0.6736,-0.5284,10
B-底背离放量,002173.SZ,002173.SZ,个股,16.37,-4.16,1.11,,-1.1555,16.97,16.14,-1.9144,-1.2027,10
B-底背离放量,002497.SZ,002497.SZ,个股,20.43,4.55,1.11,,-0.9848,20.44,19.54,-1.5037,-0.9499,14
B-底背离放量,002672.SZ,002672.SZ,个股,3.26,-7.65,1.11,,-0.108,3.53,3.26,-0.1777,-0.108,14
B-底背离放量,300555.SZ,300555.SZ,个股,13.12,-4.65,1.11,,-0.1748,12.35,11.71,-0.5362,-0.4223,53
B-底背离放量,516060.SH,516060.SH,ETF/基金,0.56,0.0,1.11,,0.0025,0.49,0.49,-0.0182,-0.0151,7
B-底背离放量,600664.SH,600664.SH,个股,2.99,-2.92,1.11,,-0.1106,3.09,2.93,-0.1485,-0.118,10
B-底背离放量,688618.SH,688618.SH,个股,30.81,7.39,1.11,,-1.6718,31.07,28.69,-2.0389,-1.6787,10
B-底背离放量,002675.SZ,002675.SZ,个股,12.24,-3.77,1.1,,-0.1265,12.49,12.24,-0.1951,-0.1265,57
B-底背离放量,159828.SZ,159828.SZ,ETF/基金,0.38,-2.56,1.1,,-0.0044,0.36,0.36,-0.0123,-0.0119,6
B-底背离放量,301061.SZ,301061.SZ,个股,35.56,-1.66,1.1,,-3.1742,40.3,35.56,-3.2388,-3.1742,11
B-底背离放量,603337.SH,603337.SH,个股,36.24,-1.92,1.1,,-0.6466,36.99,36.24,-0.7576,-0.6466,41
B-底背离放量,603505.SH,603505.SH,个股,20.47,5.68,1.1,,0.1132,17.38,17.06,-0.6795,-0.3861,43
B-底背离放量,688076.SH,688076.SH,个股,26.65,-2.84,1.1,,-0.7903,28.07,26.65,-1.499,-0.7903,57
B-底背离放量,920566.BJ,920566.BJ,个股,9.42,-3.29,1.1,,-0.2108,9.65,9.42,-0.2323,-0.2108,11
B-底背离放量,159616.SZ,159616.SZ,ETF/基金,0.75,-1.32,1.09,,-0.0222,0.76,0.75,-0.0331,-0.0267,8
B-底背离放量,300749.SZ,300749.SZ,个股,22.32,-1.02,1.09,,-0.6616,21.0,20.98,-1.1481,-1.0273,6
B-底背离放量,300923.SZ,300923.SZ,个股,22.27,5.2,1.09,,-0.915,22.38,21.17,-1.2361,-0.9695,16
B-底背离放量,513930.SH,513930.SH,ETF/基金,0.86,-3.37,1.09,,-0.0182,0.81,0.81,-0.0421,-0.0402,5
B-底背离放量,563230.SH,563230.SH,ETF/基金,1.4,4.48,1.09,,-0.0228,1.32,1.31,-0.0458,-0.0346,7
B-底背离放量,563530.SH,563530.SH,ETF/基金,1.4,4.48,1.09,,-0.0214,1.32,1.31,-0.0457,-0.0336,7
B-底背离放量,601089.SH,601089.SH,个股,16.33,-2.27,1.09,,-0.6457,16.39,15.64,-0.9876,-0.755,8
B-底背离放量,603122.SH,603122.SH,个股,10.97,-2.14,1.09,,-0.6946,11.9,10.8,-0.8823,-0.6806,10
B-底背离放量,688051.SH,688051.SH,个股,22.81,-3.76,1.09,,-3.2459,26.7,22.81,-3.4321,-3.2459,12
B-底背离放量,002906.SZ,002906.SZ,个股,27.28,-6.54,1.08,,-0.8279,26.54,25.03,-1.2054,-1.1496,51
B-底背离放量,300190.SZ,300190.SZ,个股,4.15,6.14,1.08,,-0.0559,3.92,3.86,-0.1418,-0.0574,55
B-底背离放量,300470.SZ,300470.SZ,个股,29.26,-3.11,1.08,,-0.7787,30.4,29.26,-0.9527,-0.7787,11
B-底背离放量,300534.SZ,300534.SZ,个股,7.05,-2.62,1.08,,-0.3412,7.46,6.95,-0.4094,-0.3491,10
B-底背离放量,300766.SZ,300766.SZ,个股,23.95,-0.54,1.08,,-1.5657,24.05,22.63,-2.4007,-2.3003,5
B-底背离放量,300921.SZ,300921.SZ,个股,22.64,1.71,1.08,,0.4549,17.07,16.85,-0.6693,-0.5762,44
B-底背离放量,301083.SZ,301083.SZ,个股,13.16,0.0,1.08,,-0.7595,13.99,13.15,-0.8119,-0.7521,10
B-底背离放量,301665.SZ,301665.SZ,个股,20.94,-1.87,1.08,,-0.747,21.73,20.94,-1.1685,-0.747,15
B-底背离放量,512620.SH,512620.SH,ETF/基金,0.8,-1.23,1.08,,-0.0333,0.84,0.79,-0.0374,-0.0349,12
B-底背离放量,516500.SH,516500.SH,ETF/基金,0.58,-1.69,1.08,,-0.0018,0.53,0.53,-0.0193,-0.0175,7
B-底背离放量,516560.SH,516560.SH,ETF/基金,0.69,-1.43,1.08,,-0.0179,0.71,0.68,-0.0203,-0.019,13
B-底背离放量,563320.SH,563320.SH,ETF/基金,0.94,4.44,1.08,,-0.0337,0.94,0.9,-0.0417,-0.0367,11
B-底背离放量,603697.SH,603697.SH,个股,9.58,-7.26,1.08,,-0.1533,9.59,9.58,-0.534,-0.1533,56
B-底背离放量,603858.SH,603858.SH,个股,14.62,-3.88,1.08,,-0.1779,14.48,14.37,-0.3848,-0.1817,10
B-底背离放量,688660.SH,688660.SH,个股,8.62,1.17,1.08,,-0.6639,9.15,8.51,-0.785,-0.6665,10
B-底背离放量,920992.BJ,920992.BJ,个股,12.36,-2.29,1.08,,-0.4802,12.69,12.34,-0.5959,-0.5396,5
B-底背离放量,000526.SZ,000526.SZ,个股,25.41,-0.94,1.07,,-1.4058,25.84,24.6,-1.9204,-1.4801,10
B-底背离放量,002554.SZ,002554.SZ,个股,3.1,0.65,1.07,,-0.0523,3.1,3.02,-0.1116,-0.0498,21
B-底背离放量,513700.SH,513700.SH,ETF/基金,0.53,-1.85,1.07,,-0.0113,0.5,0.5,-0.0257,-0.0236,3
B-底背离放量,600346.SH,600346.SH,个股,18.4,7.6,1.07,,-0.6301,16.73,16.29,-1.3304,-1.3019,5
B-底背离放量,601966.SH,601966.SH,个股,10.85,-0.55,1.07,,-0.4593,11.86,10.85,-0.4963,-0.4593,16
B-底背离放量,688117.SH,688117.SH,个股,23.18,-2.28,1.07,,-0.5163,22.73,21.44,-1.3816,-1.014,50
B-底背离放量,920159.BJ,920159.BJ,个股,30.81,1.08,1.07,,-1.7093,32.99,30.48,-1.8137,-1.7045,14
B-底背离放量,002044.SZ,002044.SZ,个股,5.51,-1.61,1.06,,-0.1209,5.18,4.86,-0.2039,-0.1943,31
B-底背离放量,002393.SZ,002393.SZ,个股,14.11,-2.49,1.06,,-0.3501,14.0,13.85,-0.7263,-0.3977,10
B-底背离放量,002676.SZ,002676.SZ,个股,4.97,2.47,1.06,,-0.3191,5.28,4.73,-0.3809,-0.3262,13
B-底背离放量,920819.BJ,920819.BJ,个股,2.69,-3.24,1.06,,-0.1326,2.93,2.69,-0.1448,-0.1326,17
B-底背离放量,300660.SZ,300660.SZ,个股,28.28,-7.25,1.05,,-1.2731,31.12,28.28,-1.8087,-1.2731,50
B-底背离放量,603183.SH,603183.SH,个股,3.53,-0.84,1.05,,-0.2044,3.76,3.53,-0.2171,-0.2044,12
B-底背离放量,603288.SH,603288.SH,个股,33.14,-2.76,1.05,,-0.519,33.0,32.44,-1.1078,-0.8114,10
B-底背离放量,688177.SH,688177.SH,个股,16.79,-3.28,1.05,,-0.6739,16.65,16.1,-1.0521,-0.7994,12
B-底背离放量,000661.SZ,000661.SZ,个股,66.66,-1.61,1.04,,-3.0212,64.32,62.8,-5.0467,-3.761,10
B-底背离放量,000708.SZ,000708.SZ,个股,12.6,-2.85,1.04,,-0.3808,13.29,12.6,-0.4357,-0.3808,15
B-底背离放量,002278.SZ,002278.SZ,个股,7.52,-1.44,1.04,,-0.5337,8.4,7.52,-0.5553,-0.5337,12
B-底背离放量,300452.SZ,300452.SZ,个股,11.63,-2.51,1.04,,-0.2921,11.81,11.4,-0.4732,-0.3091,13
B-底背离放量,600372.SH,600372.SH,个股,10.86,2.94,1.04,,-0.3027,10.73,10.55,-0.5499,-0.3234,12
B-底背离放量,603402.SH,603402.SH,个股,59.36,-1.02,1.04,,-4.6924,68.98,59.36,-5.9588,-4.6924,17
B-底背离放量,920195.BJ,920195.BJ,个股,12.47,-2.58,1.04,,-0.8364,13.75,12.47,-1.1717,-0.8364,15
B-底背离放量,000799.SZ,000799.SZ,个股,41.65,5.82,1.03,,-0.9864,39.92,37.69,-0.7272,-0.617,14
B-底背离放量,002493.SZ,002493.SZ,个股,10.74,-4.87,1.03,,-0.1361,10.75,10.74,-0.3649,-0.1361,12
B-底背离放量,002524.SZ,002524.SZ,个股,3.32,-1.19,1.03,,-0.1676,3.51,3.32,-0.1699,-0.1676,10
B-底背离放量,002562.SZ,002562.SZ,个股,4.35,-1.14,1.03,,-0.2334,4.72,4.35,-0.2571,-0.2334,15
B-底背离放量,159275.SZ,159275.SZ,ETF/基金,0.75,-1.32,1.03,,-0.0341,0.79,0.74,-0.0364,-0.0355,11
B-底背离放量,159557.SZ,159557.SZ,ETF/基金,1.22,-3.17,1.03,,-0.0316,1.17,1.16,-0.0636,-0.0588,6
B-底背离放量,159615.SZ,159615.SZ,ETF/基金,0.93,-3.12,1.03,,-0.0209,0.88,0.87,-0.0475,-0.0459,6
B-底背离放量,600481.SH,600481.SH,个股,4.98,2.05,1.03,,-0.3429,4.8,4.37,-0.4752,-0.4565,11
B-底背离放量,603590.SH,603590.SH,个股,28.82,-3.93,1.03,,-1.3769,29.43,28.13,-1.8106,-1.5329,11
B-底背离放量,000513.SZ,000513.SZ,个股,28.97,-3.05,1.02,,-0.2139,28.45,28.43,-0.6214,-0.2476,13
B-底背离放量,000710.SZ,000710.SZ,个股,7.45,-2.49,1.02,,-0.4722,7.93,7.37,-0.5614,-0.4841,10
B-底背离放量,002298.SZ,002298.SZ,个股,7.63,2.69,1.02,,-0.6007,7.89,7.4,-0.6782,-0.6053,10
B-底背离放量,002765.SZ,002765.SZ,个股,6.96,0.43,1.02,,-0.4867,7.59,6.93,-0.5103,-0.4743,11
B-底背离放量,159825.SZ,159825.SZ,ETF/基金,0.66,-1.49,1.02,,-0.0271,0.69,0.65,-0.0319,-0.0293,12
B-底背离放量,300119.SZ,300119.SZ,个股,14.4,-3.1,1.02,,-0.5182,15.08,14.38,-0.5507,-0.5014,10
B-底背离放量,300551.SZ,300551.SZ,个股,9.82,1.76,1.02,,-0.7566,10.13,9.65,-1.0536,-0.7463,11
B-底背离放量,513200.SH,513200.SH,ETF/基金,0.89,-2.2,1.02,,-0.0193,0.84,0.83,-0.0425,-0.0412,7
B-底背离放量,600067.SH,600067.SH,个股,3.41,0.59,1.02,,0.0056,2.99,2.87,-0.1931,-0.1889,4
B-底背离放量,600351.SH,600351.SH,个股,5.75,-3.2,1.02,,-0.1184,5.94,5.7,-0.1283,-0.1113,13
B-底背离放量,601058.SH,601058.SH,个股,11.54,-3.19,1.02,,-0.2946,12.17,11.5,-0.2644,-0.2585,10
B-底背离放量,603535.SH,603535.SH,个股,6.01,-1.31,1.02,,-0.4061,6.57,6.01,-0.4111,-0.4061,12
B-底背离放量,603556.SH,603556.SH,个股,22.82,-1.3,1.02,,-1.6136,24.44,22.82,-1.64,-1.6136,10
B-底背离放量,605050.SH,605050.SH,个股,9.98,-2.25,1.02,,-0.5184,10.65,9.98,-0.5285,-0.5184,11
B-底背离放量,688176.SH,688176.SH,个股,9.82,-3.54,1.02,,-0.6306,10.26,9.82,-0.6994,-0.6306,11
B-底背离放量,920163.BJ,920163.BJ,个股,9.72,-1.42,1.02,,-0.4917,10.3,9.72,-0.5393,-0.4917,11
B-底背离放量,002391.SZ,002391.SZ,个股,4.86,-1.82,1.01,,-0.1958,5.16,4.86,-0.2317,-0.1958,12
B-底背离放量,002612.SZ,002612.SZ,个股,11.2,-2.86,1.01,,-0.715,11.86,11.2,-0.8583,-0.715,12
B-底背离放量,520690.SH,520690.SH,个股,0.64,-3.03,1.01,,-0.0234,0.62,0.61,-0.0412,-0.0304,13
B-底背离放量,600258.SH,600258.SH,个股,11.58,-3.02,1.01,,-0.4574,12.4,11.58,-0.5832,-0.4574,16
B-底背离放量,600380.SH,600380.SH,个股,9.4,-3.59,1.01,,-0.2103,9.65,9.29,-0.2622,-0.2192,13
B-底背离放量,600645.SH,600645.SH,个股,17.63,-3.92,1.01,,-1.4404,19.45,17.63,-1.8283,-1.4404,11
B-底背离放量,603659.SH,603659.SH,个股,29.02,5.57,1.01,,-0.7852,26.95,26.4,-1.4039,-0.8471,13
B-底背离放量,603885.SH,603885.SH,个股,10.42,-4.05,1.01,,-0.1222,10.51,10.01,-0.2674,-0.2416,15
B-底背离放量,688161.SH,688161.SH,个股,20.99,-2.05,1.01,,-1.4569,21.83,20.17,-1.6644,-1.5875,10
B-底背离放量,688302.SH,688302.SH,个股,35.07,0.06,1.01,,-1.6157,33.41,33.06,-2.4078,-1.8827,10
B-底背离放量,920101.BJ,920101.BJ,个股,20.06,-2.1,1.01,,-0.8064,20.47,20.06,-1.0831,-0.8064,11
B-底背离放量,159635.SZ,159635.SZ,ETF/基金,0.97,-2.02,1.0,,-0.0197,0.99,0.97,-0.0235,-0.0197,12
B-底背离放量,159639.SZ,159639.SZ,ETF/基金,1.02,0.0,1.0,,-0.0107,1.0,1.0,-0.0144,-0.0098,13
B-底背离放量,300143.SZ,300143.SZ,个股,6.73,-2.04,1.0,,-0.357,6.83,6.57,-0.4413,-0.3762,10
B-底背离放量,300639.SZ,300639.SZ,个股,4.97,-1.58,1.0,,-0.2496,5.16,4.88,-0.311,-0.2462,10
B-底背离放量,601799.SH,601799.SH,个股,110.84,-2.82,1.0,,-4.4145,117.8,110.84,-4.9957,-4.4145,50
B-底背离放量,603639.SH,603639.SH,个股,9.91,-2.27,1.0,,-0.4147,10.8,9.91,-0.4488,-0.4147,13
B-底背离放量,688185.SH,688185.SH,个股,51.02,-0.78,1.0,,-2.4051,49.41,47.9,-3.8955,-2.9036,10
B-底背离放量,688696.SH,688696.SH,个股,64.67,1.71,1.0,,-4.5514,68.62,62.2,-4.9399,-4.7547,10
C-形态放量,159563.SZ,159563.SZ,ETF/基金,2.15,3.37,4.11,看涨吞没,0.0287,,,,,
C-形态放量,001296.SZ,001296.SZ,个股,21.88,6.42,3.9,三外部上涨,-0.6026,,,,,
C-形态放量,517000.SH,517000.SH,ETF/基金,1.01,0.0,3.48,蜻蜓十字,-0.0057,,,,,
C-形态放量,002212.SZ,002212.SZ,个股,5.95,6.63,3.17,早晨之星,-0.328,,,,,
C-形态放量,688026.SH,688026.SH,个股,16.17,7.09,3.17,三外部上涨,-0.259,,,,,
C-形态放量,600129.SH,600129.SH,个股,13.55,3.83,3.03,三外部上涨,-0.4846,,,,,
C-形态放量,159642.SZ,159642.SZ,ETF/基金,1.01,1.0,2.69,蜻蜓十字,-0.0098,,,,,
C-形态放量,603380.SH,603380.SH,个股,43.67,6.43,2.66,三外部上涨,0.6407,,,,,
C-形态放量,301393.SZ,301393.SZ,个股,64.83,2.74,2.64,三外部上涨,0.9628,,,,,
C-形态放量,159311.SZ,159311.SZ,ETF/基金,1.93,2.66,2.51,三外部上涨,0.0949,,,,,
C-形态放量,300329.SZ,300329.SZ,个股,12.52,3.47,2.51,三外部上涨,-0.3665,,,,,
C-形态放量,516890.SH,516890.SH,ETF/基金,1.0,2.04,2.44,三外部上涨,0.0359,,,,,
C-形态放量,159786.SZ,159786.SZ,ETF/基金,1.49,7.19,2.33,看涨吞没,0.0441,,,,,
C-形态放量,159191.SZ,159191.SZ,ETF/基金,0.85,1.19,2.31,三外部上涨,-0.033,,,,,
C-形态放量,301509.SZ,301509.SZ,个股,30.35,3.65,2.12,三外部上涨,-0.6871,,,,,
C-形态放量,159375.SZ,159375.SZ,ETF/基金,0.93,3.33,2.06,看涨吞没,0.0226,,,,,
C-形态放量,300846.SZ,300846.SZ,个股,24.57,7.67,2.01,三外部上涨,-1.471,,,,,
C-形态放量,159229.SZ,159229.SZ,ETF/基金,1.11,0.0,2.0,蜻蜓十字,-0.0368,,,,,
C-形态放量,603072.SH,603072.SH,个股,40.68,2.08,2.0,三外部上涨,0.5484,,,,,
C-形态放量,000915.SZ,000915.SZ,个股,28.31,0.0,1.95,蜻蜓十字,-0.0532,,,,,
C-形态放量,600568.SH,600568.SH,个股,2.36,4.89,1.95,蜻蜓十字,-0.1089,,,,,
C-形态放量,603429.SH,603429.SH,个股,10.87,5.02,1.95,蜻蜓十字,0.1873,,,,,
C-形态放量,603669.SH,603669.SH,个股,5.73,4.95,1.93,看涨吞没,0.3298,,,,,
C-形态放量,159712.SZ,159712.SZ,ETF/基金,1.12,-0.88,1.9,锤子线,-0.0296,,,,,
C-形态放量,600284.SH,600284.SH,个股,5.51,5.35,1.9,三内部上涨,-0.4245,,,,,
C-形态放量,300506.SZ,300506.SZ,个股,6.55,8.8,1.89,看涨吞没,0.3352,,,,,
C-形态放量,002338.SZ,002338.SZ,个股,57.22,7.94,1.86,三外部上涨,-0.8739,,,,,
C-形态放量,601117.SH,601117.SH,个股,8.4,3.96,1.84,看涨吞没,-0.0461,,,,,
C-形态放量,600517.SH,600517.SH,个股,5.04,-3.82,1.83,锤子线,-0.2123,,,,,
C-形态放量,600770.SH,600770.SH,个股,6.91,3.44,1.79,看涨吞没,0.0379,,,,,
C-形态放量,688093.SH,688093.SH,个股,36.8,6.39,1.79,看涨吞没,0.8845,,,,,
C-形态放量,002514.SZ,002514.SZ,个股,2.25,5.14,1.78,看涨吞没,-0.4797,,,,,
C-形态放量,159367.SZ,159367.SZ,ETF/基金,2.2,3.77,1.78,早晨之星,0.0528,,,,,
C-形态放量,589550.SH,589550.SH,ETF/基金,1.49,3.47,1.75,三外部上涨,0.0273,,,,,
C-形态放量,561780.SH,561780.SH,ETF/基金,1.76,2.33,1.74,早晨之星,0.0199,,,,,
C-形态放量,600192.SH,600192.SH,个股,7.75,-0.26,1.74,锤子线,-0.1579,,,,,
C-形态放量,512180.SH,512180.SH,ETF/基金,1.83,1.67,1.72,蜻蜓十字,0.0146,,,,,
C-形态放量,589880.SH,589880.SH,ETF/基金,2.01,4.15,1.72,三外部上涨,0.0847,,,,,
C-形态放量,159636.SZ,159636.SZ,ETF/基金,0.48,0.0,1.69,蜻蜓十字,-0.02,,,,,
C-形态放量,603270.SH,603270.SH,个股,33.44,4.5,1.69,看涨吞没,0.8305,,,,,
C-形态放量,002983.SZ,002983.SZ,个股,27.49,5.29,1.67,看涨吞没,0.5247,,,,,
C-形态放量,002365.SZ,002365.SZ,个股,10.95,2.62,1.65,早晨之星,-0.5139,,,,,
C-形态放量,301119.SZ,301119.SZ,个股,24.33,5.55,1.64,三外部上涨,-0.8441,,,,,
C-形态放量,300386.SZ,300386.SZ,个股,11.72,0.34,1.63,看涨孕线,-0.2895,,,,,
C-形态放量,002203.SZ,002203.SZ,个股,25.95,1.68,1.62,三外部上涨,1.4424,,,,,
C-形态放量,603456.SH,603456.SH,个股,13.65,0.52,1.62,三外部上涨,0.0259,,,,,
C-形态放量,600877.SH,600877.SH,个股,17.1,6.81,1.61,看涨吞没,0.2691,,,,,
C-形态放量,603901.SH,603901.SH,个股,10.9,7.5,1.61,三外部上涨,-0.3873,,,,,
C-形态放量,300708.SZ,300708.SZ,个股,8.57,7.26,1.6,看涨吞没,-0.2578,,,,,
C-形态放量,000546.SZ,000546.SZ,个股,5.57,7.53,1.59,看涨吞没,-0.2789,,,,,
C-形态放量,589380.SH,589380.SH,ETF/基金,1.87,5.06,1.59,三外部上涨,0.0416,,,,,
C-形态放量,600096.SH,600096.SH,个股,32.28,9.16,1.58,看涨吞没,-0.4413,,,,,
C-形态放量,515000.SH,515000.SH,ETF/基金,1.71,2.4,1.56,三外部上涨,0.0961,,,,,
C-形态放量,605167.SH,605167.SH,个股,16.25,7.9,1.56,看涨吞没,-0.1943,,,,,
C-形态放量,688135.SH,688135.SH,个股,41.76,3.24,1.55,三外部上涨,0.9727,,,,,
C-形态放量,560660.SH,560660.SH,ETF/基金,1.18,6.31,1.54,看涨吞没,-0.0036,,,,,
C-形态放量,603281.SH,603281.SH,个股,40.29,-3.84,1.54,锤子线,1.4426,,,,,
C-形态放量,159369.SZ,159369.SZ,ETF/基金,1.78,2.89,1.53,看涨吞没,0.0433,,,,,
C-形态放量,920675.BJ,920675.BJ,个股,8.34,4.77,1.53,看涨吞没,-0.3678,,,,,
C-形态放量,688188.SH,688188.SH,个股,106.57,6.62,1.52,早晨之星,-14.4165,,,,,
C-形态放量,600906.SH,600906.SH,个股,7.64,5.09,1.51,看涨吞没,0.238,,,,,
C-形态放量,688798.SH,688798.SH,个股,73.27,9.85,1.51,早晨之星,-0.3755,,,,,
C-形态放量,601112.SH,601112.SH,个股,18.2,6.37,1.5,看涨吞没,-0.2717,,,,,
