ts_code,ann_date,end_date,eps,dt_eps,bps,ocfps,undist_profit_ps,total_revenue_ps,roe,roe_waa,roe_dt,roa,grossprofit_margin,netprofit_margin,profit_to_gr,op_of_gr,ebit_of_gr,debt_to_assets,current_ratio,quick_ratio,cash_ratio,netprofit_yoy,dt_netprofit_yoy,or_yoy,op_yoy,ocf_yoy,bps_yoy,assets_yoy,eqt_yoy,assets_turn,inv_turn,ar_turn,ca_turn,fa_turn,invturn_days,arturn_days,fcff,fcfe,salescash_to_or,ocf_to_or,ocf_to_opincome,op_income,ebit,ebitda
600519.SH,20121026,20120930,10.04,10.04,30.1098,7.28,24.8585,19.1984,37.0487,36.16,37.3085,38.754,91.8276,54.878,54.878,73.6891,71.6847,17.6216,4.613,3.4574,2.8762,58.6227,59.6757,46.1027,58.2274,-16.2333,25.08,11.2719,25.0817,0.5406,0.2161,9773.048,0.672,3.5388,1249.4216,0.0276,1871905835.0087,1871905835.0087,0.9948,0.3794,0.5149,14684190172.03,14287791468.48,
600519.SH,20130329,20121231,12.82,12.82,32.8938,11.4829,27.6446,25.4824,45.0047,45.0,45.3202,45.755,92.2726,52.9513,52.9513,71.1794,69.0935,21.2101,3.8026,2.788,2.3814,51.8642,52.9,43.7606,52.6466,17.4679,36.647,28.9315,36.6468,0.6622,0.2426,2639.7862,0.826,4.3251,1483.9242,0.1364,5468793596.3578,5468793596.3578,1.0929,0.4506,0.6332,18827636567.65,18278911356.6,18713713170.69
600519.SH,20130329,20121231,12.82,12.82,32.8938,11.4829,27.6446,25.4824,45.0047,45.0,45.3202,45.755,92.2726,52.9513,52.9513,71.1794,69.0935,21.2101,3.8026,2.788,2.3814,51.8642,52.9,43.7606,52.6466,17.4679,36.647,28.9315,36.6468,0.6622,0.2426,2639.7862,0.826,4.3251,1483.9242,0.1364,5468793596.3578,5468793596.3578,1.0929,0.4506,0.6332,18827636567.65,18278911356.6,18713713170.69
600519.SH,20130418,20130331,3.46,3.46,36.3547,0.76,31.1056,6.9023,9.9958,10.0,10.4958,11.0085,93.2859,52.6581,52.6581,74.942,69.823,15.9177,5.0565,3.6729,3.0304,21.0117,27.1248,19.1128,28.6883,-41.0057,10.52,2.009,10.5216,0.1577,0.0487,747.8872,0.1961,1.0392,1848.0493,0.1203,-445369781.2666,-445369781.2666,0.8597,0.1103,0.1472,5370179720.15,5003369013.69,
600519.SH,20130418,20130331,3.46,3.46,36.3547,0.76,31.1056,6.9023,9.9958,10.0,10.4958,11.0085,93.2859,52.6581,52.6581,74.942,69.823,15.9177,5.0565,3.6729,3.0304,21.0117,27.1248,19.1128,28.6883,-41.0057,10.52,2.009,10.5216,0.1577,0.0487,747.8872,0.1961,1.0392,1848.0493,0.1203,-445369781.2666,-445369781.2666,0.8597,0.1103,0.1472,5370179720.15,5003369013.69,
600519.SH,20130831,20130630,6.98,6.98,33.4562,5.0232,27.0654,13.6175,21.0442,19.19,21.6097,22.3113,93.3991,53.9424,53.9059,73.5476,69.928,17.9768,4.433,3.1115,2.4007,3.6054,6.39,6.5094,6.1028,16.9364,1.7097,-3.0612,1.7097,0.3191,0.0932,1507.3447,0.3988,2.0409,1931.3305,0.1194,1436528318.2347,1436528318.2347,0.8465,0.3691,0.5017,10394736420.82,9886023908.1,10153355130.96
600519.SH,20130831,20130630,6.98,6.98,33.4562,5.0232,27.0654,13.6175,21.0442,19.19,21.6097,22.3113,93.3991,53.9424,53.9059,73.5476,69.928,17.9768,4.433,3.1115,2.4007,3.6054,6.39,6.5094,6.1028,16.9364,1.7097,-3.0612,1.7097,0.3191,0.0932,1507.3447,0.3988,2.0409,1931.3305,0.1194,1436528318.2347,1436528318.2347,0.8465,0.3691,0.5017,10394736420.82,9886023908.1,10153355130.96
600519.SH,20131016,20130930,10.66,10.66,37.133,8.9051,30.7422,21.1932,30.4543,29.55,31.1315,32.509,93.4314,53.1652,53.0042,72.7794,69.645,19.1866,4.2221,3.0896,2.3993,6.2393,7.85,10.0558,9.0276,22.2646,12.8875,9.5031,12.8877,0.4668,0.1416,2340.3813,0.5785,3.1492,1906.7797,0.1154,3958903906.3809,3958903906.3809,1.0157,0.4215,0.5775,16010199542.84,15323560328.97,
600519.SH,20131016,20130930,10.66,10.66,37.133,8.9051,30.7422,21.1932,30.4543,29.55,31.1315,32.509,93.4314,53.1652,53.0042,72.7794,69.645,19.1866,4.2221,3.0896,2.3993,6.2393,7.85,10.0558,9.0276,22.2646,12.8875,9.5031,12.8877,0.4668,0.1416,2340.3813,0.5785,3.1492,1906.7797,0.1154,3958903906.3809,3958903906.3809,1.0157,0.4215,0.5775,16010199542.84,15323560328.97,
600519.SH,20140325,20131231,14.58,14.58,41.0547,12.1896,34.652,29.9279,39.4328,39.43,40.2531,41.8165,92.9049,51.6299,51.3827,70.1356,67.5972,20.4224,3.7084,2.6615,2.2808,13.7402,15.3,16.883,15.7233,6.1546,24.8098,23.2364,24.8101,0.6186,0.2041,3299.1401,0.7951,4.0534,1763.8413,0.1091,10259228310.4841,10259228310.4841,1.0748,0.4093,0.5808,21788534952.0,21002851065.11,21559148574.2
600519.SH,20140325,20131231,14.58,14.58,41.0547,12.1896,34.652,29.9279,39.4328,39.43,40.2531,41.8165,92.9049,51.6299,51.3827,70.1356,67.5972,20.4224,3.7084,2.6615,2.2808,13.7402,15.3,16.883,15.7233,6.1546,24.8098,23.2364,24.8101,0.6186,0.2041,3299.1401,0.7951,4.0534,1763.8413,0.1091,10259228310.4841,10259228310.4841,1.0748,0.4093,0.5808,21788534952.0,21002851065.11,21559148574.2
600519.SH,20140425,20140331,3.56,3.56,44.5853,0.1675,38.1826,7.3029,8.3217,8.32,8.3345,9.487,93.1953,53.0608,52.1376,70.1675,69.7495,15.3063,4.7259,3.2423,2.7886,2.9581,-1.8,3.9638,-0.9359,-77.9917,8.5997,1.0377,8.5997,0.136,0.0413,4134.6143,0.1841,0.8769,2179.1768,0.0218,-1169294160.831,-1169294160.831,0.9716,0.0233,0.0327,5319919564.87,5288226884.64,
600519.SH,20140425,20140331,3.56,3.56,44.5853,0.1675,38.1826,7.3029,8.3217,8.32,8.3345,9.487,93.1953,53.0608,52.1376,70.1675,69.7495,15.3063,4.7259,3.2423,2.7886,2.9581,-1.8,3.9638,-0.9359,-77.9917,8.5997,1.0377,8.5997,0.136,0.0413,4134.6143,0.1841,0.8769,2179.1768,0.0218,-1169294160.831,-1169294160.831,0.9716,0.0233,0.0327,5319919564.87,5288226884.64,
600519.SH,20140829,20140630,6.33,6.33,39.6472,3.7555,32.7977,12.7983,16.4503,15.64,16.4961,18.377,93.1045,53.5172,52.4407,70.137,69.5769,15.5636,4.5053,2.9614,2.5108,-0.2496,-2.59,1.3715,-1.4116,-17.7618,-3.4284,-0.4256,6.2288,0.2641,0.0788,9100.3147,0.3628,1.676,2284.264,0.0198,1629632293.9153,1629632293.9153,0.9816,0.2995,0.4185,10247966984.1,10169105446.38,10530631734.6
600519.SH,20140829,20140630,6.33,6.33,39.6472,3.7555,32.7977,12.7983,16.4503,15.64,16.4961,18.377,93.1045,53.5172,52.4407,70.137,69.5769,15.5636,4.5053,2.9614,2.5108,-0.2496,-2.59,1.3715,-1.4116,-17.7618,-3.4284,-0.4256,6.2288,0.2641,0.0788,9100.3147,0.3628,1.676,2284.264,0.0198,1629632293.9153,1629632293.9153,0.9816,0.2995,0.4185,10247966984.1,10169105446.38,10530631734.6
600519.SH,20141030,20140930,9.36,9.36,42.6801,6.7245,35.8306,19.4162,23.4085,23.02,23.6232,26.4376,92.6637,52.3786,51.3036,69.0762,68.0253,14.1688,5.0637,3.4412,2.9109,-3.4043,-4.64,-0.9916,-4.3512,-16.9356,3.9591,5.7659,14.3548,0.3886,0.126,13800.2713,0.5284,2.5302,2142.8571,0.0196,2243295426.6292,2243295426.6292,1.015,0.3536,0.5015,15313434738.3,15083424426.32,
600519.SH,20141030,20140930,9.36,9.36,42.6801,6.7245,35.8306,19.4162,23.4085,23.02,23.6232,26.4376,92.6637,52.3786,51.3036,69.0762,68.0253,14.1688,5.0637,3.4412,2.9109,-3.4043,-4.64,-0.9916,-4.3512,-16.9356,3.9591,5.7659,14.3548,0.3886,0.126,13800.2713,0.5284,2.5302,2142.8571,0.0196,2243295426.6292,2243295426.6292,1.015,0.3536,0.5015,15313434738.3,15083424426.32,
600519.SH,20150421,20141231,13.44,13.44,46.7868,11.0618,39.9003,28.2113,31.9612,31.96,32.3174,35.8672,92.5934,51.5279,50.499,68.6061,67.5364,16.0333,4.5117,3.0908,2.8191,1.4083,0.45,2.109,1.4291,-0.1778,13.9621,18.7885,25.3581,0.5311,0.1744,12066.3526,0.7199,3.4094,2064.2202,0.0298,8362617491.5843,8430000098.5843,1.0574,0.4001,0.5716,22099877985.15,21758342090.25,22515142050.91
600519.SH,20150421,20141231,13.44,13.44,46.7868,11.0618,39.9003,28.2113,31.9612,31.96,32.3174,35.8672,92.5934,51.5279,50.499,68.6061,67.5364,16.0333,4.5117,3.0908,2.8191,1.4083,0.45,2.109,1.4291,-0.1778,13.9621,18.7885,25.3581,0.5311,0.1744,12066.3526,0.7199,3.4094,2064.2202,0.0298,8362617491.5843,8430000098.5843,1.0574,0.4001,0.5716,22099877985.15,21758342090.25,22515142050.91
600519.SH,20150421,20150331,3.82,3.82,50.6004,1.8491,43.7225,7.6711,7.8494,7.85,7.8525,9.203,93.2142,54.1687,52.8325,70.8227,70.7224,12.853,5.7196,3.949,3.5636,17.9899,17.85,14.6909,16.6245,1114.1708,8.151,4.3961,8.1511,0.1301,0.0379,3562.1561,0.1787,0.8418,2374.6702,0.0253,-73578692.4387,-129496364.4387,1.2003,0.2471,0.3404,6203999849.87,6195543245.56,
600519.SH,20150421,20150331,3.82,3.82,50.6004,1.8491,43.7225,7.6711,7.8494,7.85,7.8525,9.203,93.2142,54.1687,52.8325,70.8227,70.7224,12.853,5.7196,3.949,3.5636,17.9899,17.85,14.6909,16.6245,1114.1708,8.151,4.3961,8.1511,0.1301,0.0379,3562.1561,0.1787,0.8418,2374.6702,0.0253,-73578692.4387,-129496364.4387,1.2003,0.2471,0.3404,6203999849.87,6195543245.56,
600519.SH,20150828,20150630,6.91,6.91,53.6817,4.2922,46.7764,14.1731,13.7504,13.75,13.7533,16.1058,92.611,53.0116,51.6786,68.8981,68.7644,11.9937,6.1491,4.2683,3.9731,9.1064,8.83,10.1736,8.7859,14.2919,14.7368,9.8137,14.7368,0.2342,0.0746,6753.6831,0.3211,1.5599,2412.8686,0.0267,2522669953.7941,2466752281.7941,1.0764,0.3107,0.4397,11148271715.04,11129966299.03,11545498841.34
600519.SH,20150828,20150630,6.91,6.91,53.6817,4.2922,46.7764,14.1731,13.7504,13.75,13.7533,16.1058,92.611,53.0116,51.6786,68.8981,68.7644,11.9937,6.1491,4.2683,3.9731,9.1064,8.83,10.1736,8.7859,14.2919,14.7368,9.8137,14.7368,0.2342,0.0746,6753.6831,0.3211,1.5599,2412.8686,0.0267,2522669953.7941,2466752281.7941,1.0764,0.3107,0.4397,11148271715.04,11129966299.03,11545498841.34
600519.SH,20151023,20150930,9.09,9.09,47.6422,9.0936,41.2719,18.8938,20.1709,19.69,20.3401,22.4637,92.4529,52.3865,51.0939,68.6558,67.8768,20.1655,3.6676,2.6191,2.4982,6.8389,6.76,6.5866,6.3888,48.7538,1.8283,17.74,12.0113,0.3309,0.1114,5694.1903,0.4526,2.232,2423.6984,0.0474,8613694618.0313,8557776946.0313,1.0574,0.4935,0.7012,16291110327.69,16110097497.45,
600519.SH,20151023,20150930,9.09,9.09,47.6422,9.0936,41.2719,18.8938,20.1709,19.69,20.3401,22.4637,92.4529,52.3865,51.0939,68.6558,67.8768,20.1655,3.6676,2.6191,2.4982,6.8389,6.76,6.5866,6.3888,48.7538,1.8283,17.74,12.0113,0.3309,0.1114,5694.1903,0.4526,2.232,2423.6984,0.0474,8613694618.0313,8557776946.0313,1.0574,0.4935,0.7012,16291110327.69,16110097497.45,
600519.SH,20160324,20151231,12.34,12.34,50.8885,13.8803,43.6866,26.6255,26.4205,26.23,26.6144,28.8258,92.2279,50.3834,49.1974,66.2513,65.5751,23.2526,3.2418,2.3435,2.2698,0.9986,0.62,3.4385,0.2534,38.0274,8.7668,31.0116,19.6435,0.4396,0.1539,14397.217,0.5942,3.0697,2339.1813,0.025,16532758779.4344,16476841107.4344,1.1354,0.5339,0.787,22155122685.97,21932814890.25,22780961587.98
600519.SH,20160324,20151231,12.34,12.34,50.8885,13.8803,43.6866,26.6255,26.4205,26.23,26.6144,28.8258,92.2279,50.3834,49.1974,66.2513,65.5751,23.2526,3.2418,2.3435,2.2698,0.9986,0.62,3.4385,0.2534,38.0274,8.7668,31.0116,19.6435,0.4396,0.1539,14397.217,0.5942,3.0697,2339.1813,0.025,16532758779.4344,16476841107.4344,1.1354,0.5339,0.787,22155122685.97,21932814890.25,22780961587.98
600519.SH,20160421,20160331,3.89,3.89,54.7834,5.9195,47.5787,8.1602,7.3664,7.37,7.3619,8.1402,92.3414,52.1795,50.8452,70.263,70.2741,21.7765,3.5023,2.5629,2.4655,12.0133,11.9,16.9058,16.0893,252.1465,7.6538,5.0856,7.6538,0.1158,0.0419,43284.6634,0.1529,0.8952,2147.9714,0.0021,7389538730.6999,7389538730.6999,1.5508,0.7444,1.0324,7202563107.21,7203704131.7,
600519.SH,20160421,20160331,3.89,3.89,54.7834,5.9195,47.5787,8.1602,7.3664,7.37,7.3619,8.1402,92.3414,52.1795,50.8452,70.263,70.2741,21.7765,3.5023,2.5629,2.4655,12.0133,11.9,16.9058,16.0893,252.1465,7.6538,5.0856,7.6538,0.1158,0.0419,43284.6634,0.1529,0.8952,2147.9714,0.0021,7389538730.6999,7389538730.6999,1.5508,0.7444,1.0324,7202563107.21,7203704131.7,
600519.SH,20160827,20160630,7.01,7.01,51.7267,10.8295,43.8277,14.9161,13.6576,12.88,13.6518,14.0255,91.8814,51.599,50.0448,68.099,68.0586,29.5075,2.6245,1.9699,1.9245,11.592,11.52,15.1761,14.424,177.5363,1.6471,10.7125,1.6471,0.2061,0.0809,28497.9,0.2697,1.6455,2224.9691,0.0063,19238497947.1236,19238497947.1236,1.4169,0.7486,1.0661,12760123468.86,12752556904.27,13215966576.97
600519.SH,20160827,20160630,7.01,7.01,51.7267,10.8295,43.8277,14.9161,13.6576,12.88,13.6518,14.0255,91.8814,51.599,50.0448,68.099,68.0586,29.5075,2.6245,1.9699,1.9245,11.592,11.52,15.1761,14.424,177.5363,1.6471,10.7125,1.6471,0.2061,0.0809,28497.9,0.2697,1.6455,2224.9691,0.0063,19238497947.1236,19238497947.1236,1.4169,0.7486,1.0661,12760123468.86,12752556904.27,13215966576.97
600519.SH,20161029,20160930,9.92,9.92,54.6433,25.8998,46.7436,21.9175,18.8062,18.45,18.9264,18.8424,91.6439,50.0535,48.4158,65.92,65.51,32.2052,2.4671,1.9121,1.8731,9.1114,8.9,15.0471,11.3814,184.8132,7.3785,21.8357,7.3785,0.2876,0.121,6099.2981,0.3708,2.4295,2231.405,0.0443,33136343004.676,33136343004.676,1.7417,1.2217,1.7926,18149578203.43,18036682798.0,
600519.SH,20161029,20160930,9.92,9.92,54.6433,25.8998,46.7436,21.9175,18.8062,18.45,18.9264,18.8424,91.6439,50.0535,48.4158,65.92,65.51,32.2052,2.4671,1.9121,1.8731,9.1114,8.9,15.0471,11.3814,184.8132,7.3785,21.8357,7.3785,0.2876,0.121,6099.2981,0.3708,2.4295,2231.405,0.0443,33136343004.676,33136343004.676,1.7417,1.2217,1.7926,18149578203.43,18036682798.0,
600519.SH,20170415,20161231,13.31,13.31,58.0276,29.8132,49.9267,31.9656,24.4385,24.44,24.7839,24.0157,91.2251,46.139,44.6535,60.4298,59.5788,32.7942,2.436,1.8789,1.8339,7.8389,8.57,18.9917,9.5069,114.7885,14.0289,30.8605,14.029,0.4031,0.1765,,0.5175,3.1045,2039.6601,,39906310883.5675,39906310883.5675,1.57,0.9637,1.5434,24265625169.42,23923918732.72,24858113404.92
600519.SH,20170415,20161231,13.31,13.31,58.0276,29.8132,49.9267,31.9656,24.4385,24.44,24.7839,24.0157,91.2251,46.139,44.6535,60.4298,59.5788,32.7942,2.436,1.8789,1.8339,7.8389,8.57,18.9917,9.5069,114.7885,14.0289,30.8605,14.029,0.4031,0.1765,,0.5175,3.1045,2039.6601,,39906310883.5675,39906310883.5675,1.57,0.9637,1.5434,24265625169.42,23923918732.72,24858113404.92
600519.SH,20170425,20170331,4.87,4.87,62.9023,4.8631,54.801,11.0758,8.0614,8.06,8.0944,7.5248,91.1561,49.1773,47.0397,63.1776,62.7132,30.6986,2.6264,2.0578,2.0336,25.2358,25.83,33.2362,22.042,-17.8464,8.4007,5.3519,8.4007,0.12,0.0569,,0.1496,0.9385,1581.7223,,5870993494.5197,5870993494.5197,1.3068,0.459,0.695,8790152762.56,8725546141.67,
600519.SH,20170425,20170331,4.87,4.87,62.9023,4.8631,54.801,11.0758,8.0614,8.06,8.0944,7.5248,91.1561,49.1773,47.0397,63.1776,62.7132,30.6986,2.6264,2.0578,2.0336,25.2358,25.83,33.2362,22.042,-17.8464,8.4007,5.3519,8.4007,0.12,0.0569,,0.1496,0.9385,1581.7223,,5870993494.5197,5870993494.5197,1.3068,0.459,0.695,8790152762.56,8725546141.67,
600519.SH,20170728,20170630,8.96,8.96,60.1996,5.5209,51.3821,20.2945,15.151,14.33,15.19,13.7529,89.6187,49.7909,47.2444,63.2456,62.9326,34.3234,2.3581,1.8533,1.8289,27.8124,28.2,33.108,26.3606,-49.0196,3.743,6.5951,3.7431,0.2185,0.1211,,0.2718,1.7291,1486.3749,,15969314216.2198,15969314216.2198,1.1638,0.2867,0.4301,16123769916.27,16043979114.3,16605519009.02
600519.SH,20170728,20170630,8.96,8.96,60.1996,5.5209,51.3821,20.2945,15.151,14.33,15.19,13.7529,89.6187,49.7909,47.2444,63.2456,62.9326,34.3234,2.3581,1.8533,1.8289,27.8124,28.2,33.108,26.3606,-49.0196,3.743,6.5951,3.7431,0.2185,0.1211,,0.2718,1.7291,1486.3749,,15969314216.2198,15969314216.2198,1.1638,0.2867,0.4301,16123769916.27,16043979114.3,16605519009.02
600519.SH,20171026,20170930,15.91,15.91,67.152,18.1395,58.334,35.4143,25.4166,24.97,25.5478,23.6409,89.9331,50.3209,48.0169,64.3709,63.9587,30.8336,2.6611,2.1311,2.1099,60.3122,60.12,59.3972,57.783,-29.963,15.7242,13.1452,15.7242,0.3696,0.206,,0.4563,3.0362,1310.6796,,22527083782.6691,22527083782.6691,1.152,0.5368,0.7957,28636943385.35,28453564453.29,
600519.SH,20171026,20170930,15.91,15.91,67.152,18.1395,58.334,35.4143,25.4166,24.97,25.5478,23.6409,89.9331,50.3209,48.0169,64.3709,63.9587,30.8336,2.6611,2.1311,2.1099,60.3122,60.12,59.3972,57.783,-29.963,15.7242,13.1452,15.7242,0.3696,0.206,,0.4563,3.0362,1310.6796,,22527083782.6691,22527083782.6691,1.152,0.5368,0.7957,28636943385.35,28453564453.29,
600519.SH,20180328,20171231,21.56,21.56,72.8003,17.635,63.6932,48.6092,32.9542,32.95,33.1303,31.2511,89.7962,49.8239,47.5026,63.7705,63.3451,28.6683,2.9099,2.3381,2.3166,61.9738,60.57,49.8059,60.474,-40.8483,25.4581,19.193,25.458,0.4933,0.2784,,0.6033,4.1123,1293.1034,,29606965018.1472,29606965018.1472,1.1066,0.3805,0.5689,38940007533.45,38680265720.66,39806100261.85
600519.SH,20180328,20171231,21.56,21.56,72.8003,17.635,63.6932,48.6092,32.9542,32.95,33.1303,31.2511,89.7962,49.8239,47.5026,63.7705,63.3451,28.6683,2.9099,2.3381,2.3166,61.9738,60.57,49.8059,60.474,-40.8483,25.4581,19.193,25.458,0.4933,0.2784,,0.6033,4.1123,1293.1034,,29923169596.1372,29923169596.1372,1.1066,0.3805,0.5689,38940007533.45,38680265720.66,39806100261.85
600519.SH,20180428,20180331,6.77,6.77,79.5718,3.9289,70.4652,14.6436,8.8887,8.89,8.8927,9.0471,91.3055,52.2756,49.6353,66.2001,66.1533,21.7665,3.8229,3.0696,3.0399,38.9309,38.43,31.2393,38.5377,-19.209,9.3015,-0.1524,9.3016,0.1368,0.0689,,0.1642,1.2093,1306.2409,,-966053502.6718,-966053502.6718,1.1088,0.2826,0.4053,12177678392.96,12169072171.0,
600519.SH,20180428,20180331,6.77,6.77,79.5718,3.9289,70.4652,14.6436,8.8887,8.89,8.8927,9.0471,91.3055,52.2756,49.6353,66.2001,66.1533,21.7665,3.8229,3.0696,3.0399,38.9309,38.43,31.2393,38.5377,-19.209,9.3015,-0.1524,9.3016,0.1368,0.0689,,0.1642,1.2093,1306.2409,,843920834.0382,843920834.0382,1.1088,0.2826,0.4053,12177678392.96,12169072171.0,
600519.SH,20180802,20180630,12.55,12.55,74.3495,14.118,61.198,28.062,17.0563,15.87,17.1861,17.173,90.9421,50.6677,48.0018,64.9048,64.4326,25.7171,3.2262,2.5648,2.5393,40.1154,40.82,38.0598,41.9017,155.719,2.128,-3.4881,2.1281,0.2665,0.1371,,0.3205,2.3383,1312.9103,,12031469633.9265,12031469633.9265,1.0364,0.531,0.7751,22879895820.5,22713445674.32,23302600098.33
600519.SH,20180802,20180630,12.55,12.55,74.3495,14.118,61.198,28.062,17.0563,15.87,17.1861,17.173,90.9421,50.6677,48.0018,64.9048,64.4326,25.7171,3.2262,2.5648,2.5393,40.1154,40.82,38.0598,41.9017,155.719,2.128,-3.4881,2.1281,0.2665,0.1371,,0.3205,2.3383,1312.9103,,9498348428.6065,9498348428.6065,1.0364,0.531,0.7751,22879895820.5,22713445674.32,23302600098.33
600519.SH,20181029,20180930,19.69,19.69,81.4916,22.4656,68.3381,43.7584,25.522,24.93,25.7237,25.2507,91.1238,50.8624,48.3386,65.1963,64.7142,27.8568,3.0465,2.513,2.485,23.7677,24.11,23.065,25.1458,23.8495,11.9385,9.314,11.9387,0.3902,0.2112,,0.4637,3.6577,1278.4091,,28447543026.5248,28447543026.5248,1.1029,0.5402,0.7875,35837919227.6,35572934341.98,
600519.SH,20181029,20180930,19.69,19.69,81.4916,22.4656,68.3381,43.7584,25.522,24.93,25.7237,25.2507,91.1238,50.8624,48.3386,65.1963,64.7142,27.8568,3.0465,2.513,2.485,23.7677,24.11,23.065,25.1458,23.8495,11.9385,9.314,11.9387,0.3902,0.2112,,0.4637,3.6577,1278.4091,,20217660638.4048,20217660638.4048,1.1029,0.5402,0.7875,35837919227.6,35572934341.98,
600519.SH,20190329,20181231,28.02,28.02,89.8255,32.9448,76.4067,61.4548,34.4643,34.46,34.8382,34.5132,91.142,51.3718,49.0025,66.507,65.8207,26.5493,3.2485,2.6946,2.6635,30.0017,30.71,26.4885,31.8515,86.8152,23.3862,18.7479,23.3862,0.5244,0.2863,,0.6173,5.0635,1257.4223,,40235854299.3852,40235854299.3852,1.1444,0.562,0.8062,51333353546.18,50813192623.75,51988618120.17
600519.SH,20190329,20181231,28.02,28.02,89.8255,32.9448,76.4067,61.4548,34.4643,34.46,34.8382,34.5132,91.142,51.3718,49.0025,66.507,65.8207,26.5493,3.2485,2.6946,2.6635,30.0017,30.71,26.4885,31.8515,86.8152,23.3862,18.7479,23.3862,0.5244,0.2863,,0.6173,5.0635,1257.4223,,39225456168.1652,39225456168.1652,1.1444,0.562,0.8062,51333353546.18,50813192623.75,51988618120.17
600519.SH,20190425,20190331,8.93,8.93,98.7566,0.9467,85.3396,17.8957,9.4737,9.47,9.5415,9.9385,92.1113,55.0532,53.0046,71.1559,70.676,19.1172,4.5107,3.7247,3.6859,31.9097,32.79,23.9196,31.3569,-75.905,9.9427,0.026,9.9428,0.1406,0.0718,,0.1631,1.4804,1253.4819,,-650617926.8658,-650617926.8658,1.0515,0.0549,0.0743,15996222276.98,15888346669.74,
600519.SH,20190425,20190331,8.93,8.93,98.7566,0.9467,85.3396,17.8957,9.4737,9.47,9.5415,9.9385,92.1113,55.0532,53.0046,71.1559,70.676,19.1172,4.5107,3.7247,3.6859,31.9097,32.79,23.9196,31.3569,-75.905,9.9427,0.026,9.9428,0.1406,0.0718,,0.1631,1.4804,1253.4819,,-887976549.8158,-887976549.8158,1.0515,0.0549,0.0743,15996222276.98,15888346669.74,
600519.SH,20190718,20190630,15.88,15.88,91.351,19.1745,75.5726,32.7756,17.5322,16.21,17.6028,17.4065,91.8668,53.6787,51.482,68.9729,68.6933,27.5644,3.1372,2.6087,2.5684,26.5592,26.11,18.2386,24.1177,35.8155,1.6983,3.3,1.6983,0.2534,0.1352,,0.2937,2.721,1331.3609,,10473901528.7,10473901528.7,1.0973,0.61,0.8484,28392086327.88,28282861776.83,28905212048.49
600519.SH,20190718,20190630,15.88,15.88,91.351,19.1745,75.5726,32.7756,17.5322,16.21,17.6028,17.4065,91.8668,53.6787,51.482,68.9729,68.6933,27.5644,3.1372,2.6087,2.5684,26.5592,26.11,18.2386,24.1177,35.8155,1.6983,3.3,1.6983,0.2534,0.1352,,0.2937,2.721,1331.3609,,22567012322.49,22567012322.49,1.0973,0.61,0.8484,28392086327.88,28282861776.83,28905212048.49
600519.SH,20191016,20190930,24.24,24.24,99.7122,21.7445,83.9342,50.5563,25.5819,24.92,25.6486,26.8026,91.4894,53.1919,51.036,68.1991,68.0307,19.5191,4.4177,3.6678,3.5897,23.1317,22.48,16.64,20.8561,-3.2099,11.0066,1.6915,11.0066,0.394,0.2195,,0.4572,4.225,1230.0683,,18353460253.159,18353460253.159,1.0859,0.4483,0.6291,43421345849.48,43205371165.09,
600519.SH,20191016,20190930,24.24,24.24,99.7122,21.7445,83.9342,50.5563,25.5819,24.92,25.6486,26.8026,91.4894,53.1919,51.036,68.1991,68.0307,19.5191,4.4177,3.6678,3.5897,23.1317,22.48,16.64,20.8561,-3.2099,11.0066,1.6915,11.0066,0.394,0.2195,,0.4572,4.225,1230.0683,,19130444327.019,19130444327.019,1.0859,0.4483,0.6291,43421345849.48,43205371165.09,
600519.SH,20200422,20191231,32.8,32.8,108.2714,35.99,92.2564,70.7328,33.1177,33.09,33.2788,34.2746,91.3028,51.4693,49.4855,66.4475,66.1328,22.4899,3.8698,3.2545,0.3599,17.0518,16.36,16.0115,14.9943,9.2433,20.5353,14.5112,20.5353,0.5183,0.3046,,0.5986,5.8471,1181.8779,,-79056107120.0982,-79056107120.0982,1.1118,0.5292,0.7658,59036770965.59,58761884591.98,60005363038.85
600519.SH,20200422,20191231,32.8,32.8,108.2714,35.99,92.2564,70.7328,33.1177,33.09,33.2788,34.2746,91.3028,51.4693,49.4855,66.4475,66.1328,22.4899,3.8698,3.2545,0.3599,17.0518,16.36,16.0115,14.9943,9.2433,20.5353,14.5112,20.5353,0.5183,0.3046,,0.5986,5.8471,1181.8779,,-78631851244.7582,-78631851244.7582,1.1118,0.5292,0.7658,59036770965.59,58761884591.98,60005363038.85
600519.SH,20200428,20200331,10.42,10.42,118.6947,1.8334,102.6798,20.1389,9.1849,9.18,9.228,10.1333,91.6722,56.8024,54.7972,73.3665,73.0335,14.2546,6.1169,5.138,0.8176,16.6854,16.4,12.7582,16.0313,93.6672,9.627,-0.7745,9.627,0.1387,0.0804,,0.1596,1.6782,1119.403,,5761337214.3372,5761337214.3372,0.8959,0.0944,0.1241,18560554128.13,18476366808.9,
600519.SH,20200428,20200331,10.42,10.42,118.6947,1.8334,102.6798,20.1389,9.1849,9.18,9.228,10.1333,91.6722,56.8024,54.7972,73.3665,73.0335,14.2546,6.1169,5.138,0.8176,16.6854,16.4,12.7582,16.0313,93.6672,9.627,-0.7745,9.627,0.1387,0.0804,,0.1596,1.6782,1119.403,,8767405760.8772,8767405760.8772,0.8959,0.0944,0.1241,18560554128.13,18476366808.9,
600519.SH,20200729,20200630,17.99,17.99,109.2396,10.047,90.3867,36.3274,16.5436,15.34,16.5957,17.9597,91.4628,54.4392,52.4332,70.2999,69.9034,17.236,4.8922,4.004,0.9019,13.2857,13.19,11.3073,12.9689,-47.6024,0.8942,-5.9246,0.8942,0.2569,0.1455,,0.3004,3.0406,1237.1134,,38534177668.6438,38534177668.6438,1.0567,0.2871,0.3936,32062050636.24,31899994282.05,32552145880.52
600519.SH,20200729,20200630,17.99,17.99,109.2396,10.047,90.3867,36.3274,16.5436,15.34,16.5957,17.9597,91.4628,54.4392,52.4332,70.2999,69.9034,17.236,4.8922,4.004,0.9019,13.2857,13.19,11.3073,12.9689,-47.6024,0.8942,-5.9246,0.8942,0.2569,0.1455,,0.3004,3.0406,1237.1134,,39916772356.3838,39916772356.3838,1.0567,0.2871,0.3936,32062050636.24,31899994282.05,32552145880.52
600519.SH,20201026,20200930,26.93,26.93,118.1759,19.9897,99.3228,55.3853,23.7832,23.2,23.8359,25.9633,91.325,53.3374,51.5282,68.97,68.5928,16.474,5.1796,4.2922,0.9562,11.0729,11.03,10.3066,10.7903,-8.0702,9.1478,0.8396,9.1478,0.3785,0.2231,,0.4396,4.6702,1210.2196,,39487646442.7159,39487646442.7159,1.0615,0.3736,0.5235,47966919040.2,47723385800.16,
600519.SH,20201026,20200930,26.93,26.93,118.1759,19.9897,99.3228,55.3853,23.7832,23.2,23.8359,25.9633,91.325,53.3374,51.5282,68.97,68.5928,16.474,5.1796,4.2922,0.9562,11.0729,11.03,10.3066,10.7903,-8.0702,9.1478,0.8396,9.1478,0.3785,0.2231,,0.4396,4.6702,1210.2196,,38865773175.4659,38865773175.4659,1.0615,0.3736,0.5235,47966919040.2,47723385800.16,
600519.SH,20210331,20201231,37.17,37.17,128.4214,41.1313,109.5324,78.0078,31.4108,31.41,31.6254,33.2552,91.4092,52.1763,50.5375,67.9997,67.2682,21.4039,4.0648,3.4327,0.8245,13.3251,13.55,11.1037,12.8614,14.2853,18.6106,16.5827,18.6106,0.4944,0.3011,,0.5686,6.2477,1195.6161,,49690759472.5839,49690759472.5839,1.1276,0.5444,0.7756,66616738103.8,65918244257.79,67235112637.15
600519.SH,20210331,20201231,37.17,37.17,128.4214,41.1313,109.5324,78.0078,31.4108,31.41,31.6254,33.2552,91.4092,52.1763,50.5375,67.9997,67.2682,21.4039,4.0648,3.4327,0.8245,13.3251,13.55,11.1037,12.8614,14.2853,18.6106,16.5827,18.6106,0.4944,0.3011,,0.5686,6.2477,1195.6161,,46497655532.8339,46497655532.8339,1.1276,0.5444,0.7756,66616738103.8,65918244257.79,67235112637.15
600519.SH,20210428,20210331,11.11,11.11,139.5276,-1.1821,120.6409,22.341,8.2915,8.29,8.3004,9.1265,91.6763,54.1678,52.6356,70.245,69.6917,15.2071,5.7487,4.8327,1.6076,6.5733,6.19,11.7412,6.2145,-164.4734,8.6482,0.854,8.6482,0.131,0.0776,,0.1511,1.7429,1159.7938,,14282206332.7644,14282206332.7644,0.8178,-0.0544,-0.0753,19709090421.36,19558785185.25,
600519.SH,20210428,20210331,11.11,11.11,139.5276,-1.1821,120.6409,22.341,8.2915,8.29,8.3004,9.1265,91.6763,54.1678,52.6356,70.245,69.6917,15.2071,5.7487,4.8327,1.6076,6.5733,6.19,11.7412,6.2145,-164.4734,8.6482,0.854,8.6482,0.131,0.0776,,0.1511,1.7429,1159.7938,,13339411814.5544,13339411814.5544,0.8178,-0.0544,-0.0753,19709090421.36,19558785185.25,
600519.SH,20210731,20210630,19.63,19.63,128.7518,17.2898,106.5797,40.3771,15.2628,14.2,15.2598,16.2732,91.3784,53.3879,51.6677,69.1456,68.38,21.2828,4.0522,3.3691,1.2362,9.0804,8.72,11.6818,9.3228,72.0904,0.2573,-0.2471,0.2573,0.238,0.1422,,0.276,3.0509,1265.8228,,45939344437.6887,45939344437.6887,1.0241,0.4425,0.6199,35036941259.15,34683432495.65,35435305377.43
600519.SH,20210731,20210630,19.63,19.63,128.7518,17.2898,106.5797,40.3771,15.2628,14.2,15.2598,16.2732,91.3784,53.3879,51.6677,69.1456,68.38,21.2828,4.0522,3.3691,1.2362,9.0804,8.72,11.6818,9.3228,72.0904,0.2573,-0.2471,0.2573,0.238,0.1422,,0.276,3.0509,1265.8228,,36452549094.5487,36452549094.5487,1.0241,0.4425,0.6199,35036941259.15,34683432495.65,35435305377.43
600519.SH,20211023,20210930,29.67,29.67,138.7906,29.2568,116.6196,61.3384,22.204,21.68,22.2581,23.8532,91.1914,53.0196,51.3606,68.8135,67.8105,19.5313,4.4324,3.7329,1.1806,10.1666,10.19,11.05,10.4971,46.3593,8.0744,5.2983,8.0743,0.3518,0.2219,,0.4074,4.6824,1216.7643,,42326654861.9689,42326654861.9689,1.0641,0.4924,0.6938,52969774301.63,52250161256.46,
600519.SH,20211023,20210930,29.67,29.67,138.7906,29.2568,116.6196,61.3384,22.204,21.68,22.2581,23.8532,91.1914,53.0196,51.3606,68.8135,67.8105,19.5313,4.4324,3.7329,1.1806,10.1666,10.19,11.05,10.4971,46.3593,8.0744,5.2983,8.0743,0.3518,0.2219,,0.4074,4.6824,1216.7643,,34752258702.2689,34752258702.2689,1.0641,0.4924,0.6938,52969774301.63,52250161256.46,
600519.SH,20220331,20211231,41.76,41.76,150.8834,50.9702,127.9391,87.1394,29.9036,29.9,29.9725,31.4138,91.5403,52.4724,50.9029,68.2879,67.2338,22.8127,3.8119,3.2353,0.8952,12.3409,11.84,11.8788,12.1795,23.9207,17.4909,19.5751,17.4908,0.4672,0.2886,,0.5387,6.4969,1247.4012,,46165171072.2219,46165171072.2219,1.1236,0.603,0.8574,74674353655.23,73596983350.5,75178197601.81
600519.SH,20220331,20211231,41.76,41.76,150.8834,50.9702,127.9391,87.1394,29.9036,29.9,29.9725,31.4138,91.5403,52.4724,50.9029,68.2879,67.2338,22.8127,3.8119,3.2353,0.8952,12.3409,11.84,11.8788,12.1795,23.9207,17.4909,19.5751,17.4908,0.4672,0.2886,,0.5387,6.4969,1247.4012,,38539135487.8019,38539135487.8019,1.1236,0.603,0.8574,74674353655.23,73596983350.5,75178197601.81
600519.SH,20220427,20220331,13.73,13.73,164.6102,-5.4737,141.667,26.4187,8.7025,8.7,8.7015,9.3497,92.3677,55.5866,54.0936,72.3981,71.3431,14.482,5.9767,5.0412,1.5626,23.5803,23.43,18.4258,21.8768,-363.0677,9.0976,-1.5152,9.0976,0.1311,0.0734,,0.152,1.913,1226.158,,14046853265.7393,14046853265.7393,0.975,-0.2129,-0.2865,24000023595.32,23676734078.57,
600519.SH,20220427,20220331,13.73,13.73,164.6102,-5.4737,141.667,26.4187,8.7025,8.7,8.7015,9.3497,92.3677,55.5866,54.0936,72.3981,71.3431,14.482,5.9767,5.0412,1.5626,23.5803,23.43,18.4258,21.8768,-363.0677,9.0976,-1.5152,9.0976,0.1311,0.0734,,0.152,1.913,1226.158,,4094270420.6093,4094270420.6093,0.975,-0.2129,-0.2865,24000023595.32,23676734078.57,
600519.SH,20220803,20220630,23.72,23.72,152.9242,-0.0089,125.3397,47.3202,15.6135,14.57,15.5972,16.5526,92.1091,53.9866,52.3276,70.0409,68.9209,17.2578,4.948,4.0993,1.416,20.8482,20.75,17.3764,18.7131,-100.0514,1.3526,-6.0035,1.3526,0.2402,0.1331,,0.2802,3.4,1352.3666,,36417970977.5119,36417970977.5119,1.0614,-0.0002,-0.0003,41588469960.69,40969022287.89,41791887071.7
600519.SH,20220803,20220630,23.72,23.72,152.9242,-0.0089,125.3397,47.3202,15.6135,14.57,15.5972,16.5526,92.1091,53.9866,52.3276,70.0409,68.9209,17.2578,4.948,4.0993,1.416,20.8482,20.75,17.3764,18.7131,-100.0514,1.3526,-6.0035,1.3526,0.2402,0.1331,,0.2802,3.4,1352.3666,,41455176677.4019,41455176677.4019,1.0614,-0.0002,-0.0003,41588469960.69,40969022287.89,41791887071.7
600519.SH,20221017,20220930,35.34,35.34,164.5511,7.4871,136.9667,71.4743,22.4101,21.91,22.4068,24.2025,91.8744,53.1366,51.5827,69.0103,67.7839,13.8484,6.1942,5.1594,1.716,19.1424,18.84,16.7707,16.858,-74.4088,9.0585,-2.9045,9.0585,0.3571,0.2066,,0.4163,5.1781,1306.8732,,35387313228.9107,35387313228.9107,1.1017,0.1079,0.152,61895854186.88,60860328921.94,
600519.SH,20221017,20220930,35.34,35.34,164.5511,7.4871,136.9667,71.4743,22.4101,21.91,22.4068,24.2025,91.8744,53.1366,51.5827,69.0103,67.7839,13.8484,6.1942,5.1594,1.716,19.1424,18.84,16.7707,16.858,-74.4088,9.0585,-2.9045,9.0585,0.3571,0.2066,,0.4163,5.1781,1306.8732,,48848542622.7407,48848542622.7407,1.1017,0.1079,0.152,61895854186.88,60860328921.94,
600519.SH,20230331,20221231,49.93,49.93,157.2258,29.214,128.4049,101.5397,32.4077,30.26,32.4467,33.8499,91.8667,52.6795,51.2529,68.896,67.6091,19.421,4.4147,3.6235,1.1909,19.5507,19.42,16.8657,17.5632,-42.6841,4.2035,-0.3148,4.2035,0.5007,0.2795,5927.2575,0.5833,6.855,1288.0143,0.0607,62574291590.3602,62574291590.3602,1.1337,0.2957,0.418,87790963192.87,86238090649.31,87926540956.38
600519.SH,20230331,20221231,49.93,49.93,157.2258,29.214,128.4049,101.5397,32.4077,30.26,32.4467,33.8499,91.8667,52.6795,51.2529,68.896,67.6091,19.421,4.4147,3.6235,1.1909,19.5507,19.42,16.8657,17.5632,-42.6841,4.2035,-0.3148,4.2035,0.5007,0.2795,5927.2575,0.5833,6.855,1288.0143,0.0607,71458792613.8502,71458792613.8502,1.1337,0.2957,0.418,87790963192.87,86238090649.31,87926540956.38
600519.SH,20230426,20230331,16.55,16.55,173.759,4.1751,144.9397,31.348,10.0028,10.0,9.9949,11.0282,92.5956,55.5393,54.66,72.8451,71.7985,12.3562,6.9427,5.6683,2.3082,20.5852,20.5,20.0028,19.3909,176.2762,10.5156,1.5828,10.5156,0.1536,0.0728,976.8621,0.1811,2.0075,1236.2637,0.0921,15150166263.6426,15150166263.6426,0.9228,0.1353,0.183,28660896884.45,28273730297.48,
600519.SH,20230426,20230331,16.55,16.55,173.759,4.1751,144.9397,31.348,10.0028,10.0,9.9949,11.0282,92.5956,55.5393,54.66,72.8451,71.7985,12.3562,6.9427,5.6683,2.3082,20.5852,20.5,20.0028,19.3909,176.2762,10.5156,1.5285,10.5305,0.1536,0.0728,976.8621,0.1811,2.0075,1236.2637,0.0921,20270573899.0126,20270573899.0126,0.9228,0.1353,0.183,28660896884.45,28273730297.48,
600519.SH,20230803,20230630,28.64,28.64,159.9399,24.1898,129.9407,56.5096,18.0614,16.7,18.0449,19.7522,91.7981,53.6564,52.5897,70.2827,69.0018,13.3925,6.3536,5.0747,2.216,20.7643,20.78,20.7563,19.8319,272290.4154,1.7262,-5.0166,1.7262,0.2863,0.1432,2600.5613,0.3383,3.6417,1256.9832,0.0692,44925557946.1016,44925557946.1016,0.9928,0.4367,0.6094,49862203940.47,48982465907.11,49941699718.51
600519.SH,20230803,20230630,28.64,28.64,159.9399,24.1898,129.9407,56.5096,18.0614,16.7,18.0449,19.7522,91.7981,53.6564,52.5897,70.2827,69.0018,13.3925,6.3536,5.0747,2.216,20.7643,20.78,20.7563,19.8319,272290.4154,1.7262,-5.0674,1.74,0.2863,0.1432,2600.5613,0.3383,3.6417,1256.9832,0.0692,48745680836.6916,48745680836.6916,0.9928,0.4367,0.6094,49862203940.47,48982465907.11,49941699718.51
600519.SH,20231021,20230930,42.09,42.09,173.3872,39.8042,143.3907,83.837,25.4632,24.82,25.434,27.8049,91.7075,53.0919,52.0597,69.4781,68.174,14.14,5.9588,4.8408,2.0278,19.0911,18.97,18.481,18.0917,431.6344,10.2791,2.9766,10.294,0.4079,0.2146,1357.4427,0.4841,5.449,1258.1547,0.1989,56842490643.2182,56842490643.2182,1.0773,0.4842,0.6838,73124643313.92,71798037548.34,
600519.SH,20240403,20231231,59.49,59.49,171.6836,53.0118,137.7038,119.854,36.1755,34.19,36.1844,38.6036,91.9649,52.488,51.4886,68.8818,67.5695,17.9843,4.6239,3.6704,1.4287,19.1599,19.05,19.0119,18.0123,81.4599,9.1956,7.1508,9.2103,0.5713,0.2784,3632.8274,0.6816,7.5941,1293.1034,0.0991,78667169645.9262,78667169645.9262,1.1084,0.4509,0.6426,103637312141.17,101732876397.18,103670292704.18
600519.SH,20240427,20240331,19.16,19.16,190.8392,7.3137,156.861,37.0043,10.5688,10.57,10.5628,11.707,92.6133,54.3573,53.528,71.3295,70.2934,12.9543,6.481,5.2018,2.1364,15.7268,15.75,18.1127,15.5876,75.1721,11.1575,4.7029,11.1575,0.1665,0.0725,685.7854,0.201,2.3566,1241.3793,0.1312,11614695906.2107,11614695906.2107,1.0105,0.2007,0.2773,33128059588.42,32675682545.38,
600519.SH,20240809,20240630,33.19,33.19,173.9978,29.1529,138.3314,66.4315,19.2038,17.63,19.192,20.5428,91.7603,52.6991,51.7391,68.9636,67.9301,18.3242,4.5714,3.6312,1.2017,15.8842,15.92,17.7575,15.3516,20.5174,1.3479,2.3864,1.3479,0.3024,0.1433,2654.4084,0.3649,4.1997,1256.1061,0.0678,16643115289.6291,16643115289.6291,1.063,0.447,0.6369,57496981761.48,56688446207.67,57689521034.55
600519.SH,20241026,20240930,48.42,48.42,189.2293,35.3618,153.5615,98.0121,26.833,26.09,26.8115,29.63,91.5314,52.1887,51.1941,68.2221,67.3196,13.6285,6.1569,4.9116,1.5884,15.0376,15.08,16.9537,14.7944,-11.1608,10.2198,5.1599,10.2198,0.4401,0.2161,3426.0248,0.5312,6.1336,1249.4216,0.0788,,,1.0738,0.3678,0.5293,83929805774.48,82885580898.12,
600519.SH,20241026,20240930,48.42,48.42,189.2293,35.3618,153.5615,98.0121,26.833,26.09,26.8115,29.63,91.5314,52.1887,51.1941,68.2221,67.3196,13.6285,6.1569,4.9116,1.5884,15.0376,15.08,16.9537,14.7944,-11.1608,10.2198,5.1599,10.2198,0.4401,0.2161,3426.0248,0.5312,6.1336,1249.4216,0.0788,26404419928.2595,26404419928.2595,1.0738,0.3678,0.5293,83929805774.48,82885580898.12,
600519.SH,20250403,20241231,68.64,68.64,185.5647,73.606,145.5085,138.6279,38.4283,36.02,38.434,41.346,91.9312,52.2734,51.2993,68.7296,67.8611,19.0448,4.4541,3.4925,1.0896,15.38,15.37,15.712,15.4085,38.8484,8.0853,9.6241,8.0853,0.6093,0.2737,4307.6072,0.7303,8.3361,1315.3087,0.0836,45842356529.9119,45842356529.9119,1.0687,0.541,0.7731,119596850069.65,118176061555.37,120261081170.49
600519.SH,20250430,20250331,21.38,21.38,205.6665,7.0126,166.8805,40.9517,10.9255,10.92,10.9265,12.0224,91.9736,54.8895,53.9906,71.9948,71.4323,14.143,6.0749,4.8258,1.2398,11.5611,11.64,10.5415,11.6995,-4.1168,10.8328,4.4905,10.8328,0.1683,0.0744,2961.4146,0.1985,2.3696,1209.6774,0.0304,,,1.1095,0.1741,0.238,37017402166.34,36747242462.5,
600519.SH,20250430,20250331,21.38,21.38,205.6665,7.0126,166.8805,40.9517,10.9255,10.92,10.9265,12.0224,91.9736,54.8895,53.9906,71.9948,71.4323,14.143,6.0749,4.8258,1.2398,11.5611,11.64,10.5415,11.6995,-4.1168,10.8328,4.4905,10.8328,0.1683,0.0744,2961.4146,0.1985,2.3696,1209.6774,0.0304,-40303331.2856,-40303331.2856,1.1095,0.1741,0.238,37017402166.34,36747242462.5,
600519.SH,20250813,20250630,36.18,36.18,189.9753,10.4435,152.5645,72.5155,19.2486,17.89,19.2432,21.0719,91.2993,52.5641,51.5806,68.9059,68.3788,14.7549,5.7297,4.4466,1.2732,8.8915,8.93,9.1032,9.0668,-64.1769,2.3769,-2.2368,2.3768,0.3082,0.1423,3140.0253,0.3664,4.1758,1264.9332,0.0573,33335994052.9171,33335994052.9171,1.0637,0.1468,0.2091,62744126269.39,62288797693.55,63405783413.54
600519.SH,20251030,20250930,51.53,51.53,205.2831,30.502,168.3942,104.5333,26.3688,24.64,26.3908,29.4079,91.2934,52.0801,51.1053,68.3629,67.8094,12.8088,6.6193,5.1783,1.472,6.2458,6.42,6.3569,6.5395,-14.0126,10.6262,1.938,10.2803,0.4337,0.203,5772.4311,0.5151,6.0826,1330.0493,0.0468,42479436856.8776,42479436856.8776,1.0805,0.2974,0.427,89457714121.04,88765186977.6,
600519.SH,20260417,20251231,65.66,65.66,195.3554,49.1285,153.2458,137.3938,34.462,32.53,34.4507,37.8052,91.1796,50.5279,49.5834,66.7284,66.2239,16.4154,5.09,3.8518,1.1326,-4.5323,-4.58,-1.206,-4.0769,-33.4634,5.2762,1.6358,4.947,0.5709,0.2573,15645.2963,0.6824,7.7573,1399.145,0.023,73397617303.628,73397617303.628,1.0897,0.3644,0.5364,114700588235.95,113941008312.77,116200395367.05
600519.SH,20260425,20260331,21.76,21.76,216.3223,21.4889,175.0003,43.683,10.5687,10.57,10.5677,11.9998,89.7592,52.2245,51.4668,68.6198,68.4145,12.1227,7.0607,5.4825,1.3629,1.4714,1.45,6.538,1.3511,205.475,10.7327,5.2937,10.7327,0.1754,0.0904,3084.6148,0.2088,2.4519,995.5752,0.0292,-4293251636.7808,-4293251636.7808,1.0461,0.4992,0.7169,37536549658.48,37424749642.98,
